-- phpMyAdmin SQL Dump
-- version 5.0.1
-- https://www.phpmyadmin.net/
--
-- Gazdă: localhost:3307
-- Timp de generare: apr. 16, 2020 la 11:16 AM
-- Versiune server: 10.4.11-MariaDB
-- Versiune PHP: 7.2.27

SET SQL_MODE = "NO_AUTO_VALUE_ON_ZERO";
SET AUTOCOMMIT = 0;
START TRANSACTION;
SET time_zone = "+00:00";


/*!40101 SET @OLD_CHARACTER_SET_CLIENT=@@CHARACTER_SET_CLIENT */;
/*!40101 SET @OLD_CHARACTER_SET_RESULTS=@@CHARACTER_SET_RESULTS */;
/*!40101 SET @OLD_COLLATION_CONNECTION=@@COLLATION_CONNECTION */;
/*!40101 SET NAMES utf8mb4 */;

--
-- Bază de date: `musicalbums`
--

-- --------------------------------------------------------

--
-- Structură tabel pentru tabel `albums`
--

CREATE TABLE `albums` (
  `id` int(11) NOT NULL,
  `name` varchar(100) NOT NULL,
  `artist_id` int(11) NOT NULL,
  `release_year` int(11) DEFAULT NULL
) ENGINE=InnoDB DEFAULT CHARSET=utf8mb4;

--
-- Eliminarea datelor din tabel `albums`
--

INSERT INTO `albums` (`id`, `name`, `artist_id`, `release_year`) VALUES
(1519, 'Classical hippopotamus', 1621, 1922),
(1520, 'Pop alpaca', 1664, 2009),
(1521, 'Jazz wombat', 1666, 1976),
(1522, 'Stage And Screen rhinoceros', 1677, 1963),
(1523, 'Hip Hop camel', 1662, 1964),
(1524, 'Stage And Screen turtle ', 1593, 1971),
(1525, 'Classical tiger', 1638, 1937),
(1526, 'Non Music serval', 1613, 1932),
(1527, 'Pop cockroach', 1649, 1992),
(1528, 'Electronic coyote', 1652, 1974),
(1529, 'Electronic eagle', 1609, 2014),
(1530, 'Blues gnu', 1646, 1952),
(1531, 'Folk coyote', 1644, 1951),
(1532, 'Rock porpoise', 1586, 1933),
(1533, 'Stage And Screen swan', 1619, 1968),
(1534, 'Country otter', 1675, 2003),
(1535, 'Classical caribou', 1635, 1925),
(1536, 'Country butterfly', 1607, 1935),
(1537, 'Non Music mole', 1596, 1927),
(1538, 'World gnu', 1591, 1953),
(1539, 'Blues salmon', 1636, 1975),
(1540, 'Country grasshopper', 1659, 1961),
(1541, 'Funk oyster', 1672, 1937),
(1542, 'Folk alpaca', 1642, 1952),
(1543, 'Hip Hop badger', 1621, 1930),
(1544, 'Funk guinea pig', 1663, 1979),
(1545, 'Folk louse', 1655, 1941),
(1546, 'Hip Hop prairie dog', 1641, 2007),
(1547, 'World bear', 1606, 1973),
(1548, 'Jazz grasshopper', 1633, 1979),
(1549, 'Funk termite', 1598, 1932),
(1550, 'Reggae platypus', 1670, 1999),
(1551, 'Non Music alpaca', 1638, 2013),
(1552, 'Pop hamster', 1669, 2011),
(1553, 'Stage And Screen locust', 1610, 2015),
(1554, 'Soul cod', 1648, 2005),
(1555, 'Stage And Screen locust', 1650, 1967),
(1556, 'Hip Hop impala', 1600, 1994),
(1557, 'Stage And Screen crab', 1623, 1994),
(1558, 'Jazz weasel', 1661, 1989),
(1559, 'Folk jellyfish', 1638, 1951),
(1560, 'Country elk', 1608, 1950),
(1561, 'Rock cheetah', 1677, 1953),
(1562, 'Country lizard', 1588, 2008),
(1563, 'Funk walrus', 1641, 1987),
(1564, 'Stage And Screen ant', 1680, 1979),
(1565, 'Latin toad', 1678, 2001),
(1566, 'Blues fox', 1619, 1966),
(1567, 'Reggae sheep', 1608, 1957),
(1568, 'Folk gnu', 1632, 1993),
(1569, 'Jazz bear', 1614, 1954),
(1570, 'Funk hippopotamus', 1616, 2019),
(1571, 'Latin ox', 1643, 1923),
(1572, 'Non Music jackal', 1653, 2013),
(1573, 'Rap platypus', 1624, 1978),
(1574, 'Rock llama', 1605, 1961),
(1575, 'Rock goldfish', 1588, 1989),
(1576, 'Soul worm', 1605, 1955),
(1577, 'Pop baboon', 1671, 1976),
(1578, 'Classical marten', 1652, 1963),
(1579, 'Electronic butterfly', 1662, 1965),
(1580, 'World ape', 1641, 1992),
(1581, 'Funk horse', 1661, 1978),
(1582, 'Rap skunk', 1597, 1963),
(1583, 'Blues toad', 1593, 2013),
(1584, 'Classical porcupine', 1660, 1989),
(1585, 'Classical donkey', 1683, 1974),
(1586, 'Rock crocodile', 1619, 2016),
(1587, 'Country otter', 1664, 1971),
(1588, 'Hip Hop serval', 1667, 1990),
(1589, 'Pop rabbit', 1621, 2003),
(1590, 'Jazz badger', 1609, 2019),
(1591, 'Latin alligator', 1632, 1955),
(1592, 'Stage And Screen llama', 1671, 1958),
(1593, 'Rock wildebeest', 1679, 1932),
(1594, 'Blues crocodile', 1597, 1993),
(1595, 'Country duck', 1620, 1923),
(1596, 'Non Music elk', 1669, 1984),
(1597, 'Rap rabbit', 1622, 2018),
(1598, 'Stage And Screen locust', 1627, 1962),
(1599, 'Soul pug', 1635, 1941),
(1600, 'Country butterfly', 1649, 2015),
(1601, 'World beaver', 1618, 2006),
(1602, 'Classical cricket', 1637, 1946),
(1603, 'World sheep', 1631, 2015),
(1604, 'Soul seal', 1681, 1948),
(1605, 'Electronic caribou', 1618, 2008),
(1606, 'World yellowjacket', 1614, 1983),
(1607, 'Pop pig', 1670, 2006),
(1608, 'Pop camel', 1621, 1920),
(1609, 'Jazz yak', 1657, 1944),
(1610, 'Reggae giraffe', 1598, 1952),
(1611, 'Non Music cricket', 1678, 1969),
(1612, 'Pop rabbit', 1670, 1950),
(1613, 'Non Music rhinoceros', 1604, 2007),
(1614, 'World scorpion', 1602, 1947),
(1615, 'Rap bat', 1672, 1965),
(1616, 'Stage And Screen sardine', 1658, 2004),
(1617, 'Blues crab', 1640, 1998),
(1618, 'Soul guinea pig', 1625, 1923),
(1619, 'Non Music worm', 1671, 1920),
(1620, 'Pop swan', 1650, 1948),
(1621, 'Soul wasp', 1645, 1995),
(1622, 'Hip Hop shark', 1595, 1946),
(1623, 'Folk chinchilla', 1636, 1995),
(1624, 'Country porcupine', 1694, 2008),
(1625, 'Hip Hop fly', 1648, 1991),
(1626, 'Stage And Screen tortoise', 1702, 2004),
(1627, 'Hip Hop shark', 1654, 1941),
(1628, 'Non Music cockroach', 1662, 1959),
(1629, 'Rap lion', 1615, 2011),
(1630, 'Electronic weasel', 1688, 2016),
(1631, 'Non Music leopard', 1642, 1957),
(1632, 'Latin cod', 1663, 1980),
(1633, 'Country porcupine', 1631, 1956),
(1634, 'Rap caribou', 1688, 1960),
(1635, 'World armadillo', 1663, 1952),
(1636, 'Rap rabbit', 1646, 2017),
(1637, 'Blues clam', 1644, 1995),
(1638, 'Funk impala', 1666, 1922),
(1639, 'Soul jellyfish', 1656, 1935),
(1640, 'Jazz mink', 1605, 1924),
(1641, 'Reggae bee', 1622, 1963),
(1642, 'Folk locust', 1591, 1977),
(1643, 'Pop tiger', 1629, 1994),
(1644, 'Rock yak', 1672, 1937),
(1645, 'Hip Hop yak', 1599, 1957),
(1646, 'Funk impala', 1614, 1920),
(1647, 'World swan', 1658, 1961),
(1648, 'Hip Hop caribou', 1673, 1945),
(1649, 'Country mule', 1586, 1922),
(1650, 'Pop alligator', 1664, 1959),
(1651, 'Folk hyena', 1690, 1949),
(1652, 'Stage And Screen locust', 1656, 1956),
(1653, 'Folk mule', 1681, 1999),
(1654, 'Latin donkey', 1666, 1969),
(1655, 'World hamster', 1638, 1975),
(1656, 'Folk pug', 1681, 1954),
(1657, 'Classical hippopotamus', 1667, 1935),
(1658, 'Rock fly', 1639, 1932),
(1659, 'Reggae lizard', 1647, 1987),
(1660, 'Folk impala', 1631, 1985),
(1661, 'Folk platypus', 1614, 1931),
(1662, 'Electronic prairie dog', 1599, 1957),
(1663, 'Classical wallaby', 1613, 1961),
(1664, 'World fish', 1668, 1944),
(1665, 'Country porcupine', 1647, 1920),
(1666, 'Rap minnow', 1604, 1997),
(1667, 'Classical gnat', 1604, 1922),
(1668, 'Rap minnow', 1610, 1989),
(1669, 'Jazz beaver', 1686, 1939),
(1670, 'Classical wasp', 1607, 1969),
(1671, 'Latin clam', 1670, 1935),
(1672, 'Soul giraffe', 1652, 1967),
(1673, 'Folk coyote', 1615, 1959),
(1674, 'Electronic zebra', 1648, 1989),
(1675, 'Pop cockroach', 1589, 1976),
(1676, 'World skunk', 1635, 1931),
(1677, 'Non Music scorpion', 1624, 1994),
(1678, 'Blues gnu', 1609, 1953),
(1679, 'Latin alpaca', 1691, 1937),
(1680, 'Non Music salmon', 1639, 2006),
(1681, 'Rap duck', 1591, 1947),
(1682, 'Non Music trout', 1616, 1950),
(1683, 'Jazz jellyfish', 1655, 1963),
(1684, 'Latin ant', 1648, 1944),
(1685, 'World alpaca', 1671, 1951),
(1686, 'Soul tiger', 1587, 1944),
(1687, 'Rap termite', 1680, 1971),
(1688, 'Classical skunk', 1595, 1974),
(1689, 'Soul trout', 1619, 1983),
(1690, 'Classical buffalo', 1585, 1956),
(1691, 'Blues lizard', 1671, 1933),
(1692, 'Stage And Screen ferret', 1662, 1943),
(1693, 'Rap cheetah', 1641, 2012),
(1694, 'Country yak', 1594, 2018),
(1695, 'Latin marten', 1694, 1957),
(1696, 'Folk camel', 1628, 1998),
(1697, 'Pop guinea pig', 1653, 2013),
(1698, 'Soul duck', 1617, 1972),
(1699, 'Latin shark', 1620, 1936),
(1700, 'Funk eel', 1662, 1941),
(1701, 'Classical gnat', 1589, 1964),
(1702, 'Reggae lion', 1604, 1929),
(1703, 'Pop hedgehog', 1603, 1967),
(1704, 'World toad', 1587, 1974),
(1705, 'Rap snail', 1655, 1968),
(1706, 'Reggae bat', 1589, 1993),
(1707, 'Folk antelope', 1675, 1950),
(1708, 'Electronic mole', 1692, 1950),
(1709, 'Stage And Screen panda', 1655, 1970),
(1710, 'Non Music swan', 1665, 1946),
(1711, 'Hip Hop goat', 1608, 1929),
(1712, 'Pop wildebeest', 1623, 1956),
(1713, 'Hip Hop deer', 1651, 1924),
(1714, 'Pop zebra', 1681, 1976),
(1715, 'Soul wasp', 1591, 1962),
(1716, 'Non Music rhinoceros', 1700, 1921),
(1717, 'Stage And Screen duck', 1686, 2016),
(1718, 'Funk louse', 1643, 1984),
(1719, 'Classical donkey', 1664, 1942),
(1720, 'Hip Hop sardine', 1683, 2006),
(1721, 'Reggae buffalo', 1611, 1982),
(1722, 'Reggae badger', 1701, 2008),
(1723, 'Latin donkey', 1690, 2006),
(1724, 'Latin salmon', 1588, 1992),
(1725, 'Country jackal', 1680, 1987),
(1726, 'Rock dinosaur', 1668, 1982),
(1727, 'Latin minnow', 1706, 2009),
(1728, 'Rap antelope', 1659, 1986),
(1729, 'Rap lizard', 1617, 1936),
(1730, 'Classical mule', 1658, 2009),
(1731, 'Jazz goldfish', 1672, 1936),
(1732, 'Soul walrus', 1674, 1976),
(1733, 'Rock giraffe', 1649, 1934),
(1734, 'Latin donkey', 1642, 1950),
(1735, 'Soul swan', 1610, 1967),
(1736, 'Soul cheetah', 1614, 1942),
(1737, 'Rap baboon', 1719, 1940),
(1738, 'Jazz panda', 1592, 1929),
(1739, 'Non Music hyena', 1660, 1954),
(1740, 'Latin beaver', 1696, 1974),
(1741, 'Hip Hop mammoth', 1620, 1957),
(1742, 'Classical badger', 1627, 2005),
(1743, 'Latin swan', 1706, 1975),
(1744, 'Blues donkey', 1683, 1971),
(1745, 'Jazz panda', 1618, 1928),
(1746, 'World tortoise', 1642, 1990),
(1747, 'Blues deer', 1692, 1985),
(1748, 'Non Music mammoth', 1664, 2014),
(1749, 'Hip Hop cicada', 1652, 1926),
(1750, 'Non Music pug', 1674, 1937),
(1751, 'World rabbit', 1604, 1921),
(1752, 'Rock cockroach', 1675, 1984),
(1753, 'Latin butterfly', 1638, 1978),
(1754, 'Country crow', 1617, 2013),
(1755, 'Blues duck', 1707, 1923),
(1756, 'Blues eagle', 1709, 1950),
(1757, 'Pop mosquito', 1703, 1988),
(1758, 'Hip Hop crocodile', 1624, 1996),
(1759, 'Hip Hop wallaby', 1594, 1993),
(1760, 'Stage And Screen reindeer', 1678, 1930),
(1761, 'Funk monkey', 1651, 1964),
(1762, 'Jazz elephant', 1624, 2013),
(1763, 'Rap dinosaur', 1662, 2006),
(1764, 'World locust', 1701, 1988),
(1765, 'Folk goat', 1670, 1947),
(1766, 'Stage And Screen oyster', 1674, 1959),
(1767, 'Rock horse', 1615, 1928),
(1768, 'Funk prairie dog', 1652, 2013),
(1769, 'Hip Hop turtle ', 1665, 2009),
(1770, 'Pop tortoise', 1710, 1991),
(1771, 'Rock turtle ', 1714, 1985),
(1772, 'World jellyfish', 1657, 1996),
(1773, 'Country yellowjacket', 1705, 1927),
(1774, 'Rock impala', 1623, 1925),
(1775, 'Hip Hop bear', 1689, 1932),
(1776, 'Jazz deer', 1701, 1969),
(1777, 'Pop sea lion', 1594, 1925),
(1778, 'Soul bat', 1619, 1999),
(1779, 'Reggae mink', 1668, 1964),
(1780, 'Latin gnu', 1652, 1932),
(1781, 'Electronic moose', 1599, 1992),
(1782, 'Rap turtle ', 1680, 1947),
(1783, 'Rock gnat', 1698, 1963),
(1784, 'Soul salmon', 1652, 1977),
(1785, 'World camel', 1620, 1981),
(1786, 'Jazz rat', 1652, 1929),
(1787, 'Non Music grasshopper', 1611, 1927),
(1788, 'Stage And Screen yellowjacket', 1636, 1954),
(1789, 'Electronic butterfly', 1706, 1926),
(1790, 'World baboon', 1678, 1937),
(1791, 'Country eagle', 1719, 1952),
(1792, 'Latin pug', 1622, 2005),
(1793, 'Reggae impala', 1702, 2007),
(1794, 'Jazz clam', 1635, 2008),
(1795, 'Hip Hop fox', 1610, 1951),
(1796, 'Hip Hop llama', 1661, 1994),
(1797, 'Rap fly', 1623, 1930),
(1798, 'Reggae grasshopper', 1603, 2010),
(1799, 'Electronic reindeer', 1675, 1975),
(1800, 'Blues fly', 1658, 1939),
(1801, 'Rap wasp', 1707, 1949),
(1802, 'Electronic fish', 1665, 1928),
(1803, 'Reggae platypus', 1665, 2002),
(1804, 'Reggae spider', 1640, 1922),
(1805, 'Soul pig', 1697, 1943),
(1806, 'Soul whale', 1602, 1952),
(1807, 'Pop goat', 1649, 2016),
(1808, 'Classical pug', 1647, 2005),
(1809, 'Stage And Screen dolphin', 1629, 1938),
(1810, 'Rap eagle', 1626, 1983),
(1811, 'Rap ape', 1637, 2018),
(1812, 'Electronic cricket', 1714, 1960),
(1813, 'Stage And Screen cicada', 1615, 1921),
(1814, 'Non Music hippopotamus', 1702, 1924),
(1815, 'Non Music termite', 1698, 1931),
(1816, 'Soul hedgehog', 1629, 1976),
(1817, 'Electronic fly', 1630, 1954),
(1818, 'Electronic goose', 1587, 1967),
(1819, 'Non Music goat', 1717, 1958),
(1820, 'Electronic bee', 1655, 1974),
(1821, 'Rap guinea pig', 1689, 1969),
(1822, 'Funk hippopotamus', 1589, 1997),
(1823, 'Stage And Screen donkey', 1597, 1937),
(1824, 'Soul hornet', 1628, 1961),
(1825, 'World woodchuck', 1598, 1939),
(1826, 'Electronic scorpion', 1687, 1972),
(1827, 'Stage And Screen wallaby', 1603, 1949),
(1828, 'Country bee', 1596, 1990),
(1829, 'World frog', 1695, 1976),
(1830, 'Latin prairie dog', 1681, 1988),
(1831, 'Stage And Screen guinea pig', 1599, 1959),
(1832, 'Classical crocodile', 1720, 1997),
(1833, 'Classical koala', 1643, 2018),
(1834, 'Stage And Screen mouse', 1618, 1979),
(1835, 'Hip Hop eel', 1625, 1976),
(1836, 'Country worm', 1661, 1922),
(1837, 'World hamster', 1726, 1928),
(1838, 'Stage And Screen whale', 1655, 1971),
(1839, 'World horse', 1658, 1947),
(1840, 'Reggae seal', 1699, 1934),
(1841, 'Folk worm', 1683, 1964),
(1842, 'Soul walrus', 1700, 1965),
(1843, 'World manatee', 1724, 1990),
(1844, 'Pop mallard', 1624, 1994),
(1845, 'Hip Hop pug', 1741, 1965),
(1846, 'Jazz hippopotamus', 1707, 1952),
(1847, 'Folk bee', 1626, 1948),
(1848, 'Stage And Screen ant', 1587, 1930),
(1849, 'Latin ant', 1638, 1920),
(1850, 'Folk dinosaur', 1663, 1921),
(1851, 'Pop bat', 1738, 1987),
(1852, 'Stage And Screen frog', 1586, 1998),
(1853, 'Blues hornet', 1622, 1974),
(1854, 'Pop seal', 1648, 1969),
(1855, 'Pop armadillo', 1710, 1923),
(1856, 'Electronic eel', 1591, 1939),
(1857, 'Jazz swan', 1609, 1971),
(1858, 'World porcupine', 1607, 1965),
(1859, 'Rap cricket', 1660, 1920),
(1860, 'Stage And Screen kangaroo', 1663, 2006),
(1861, 'Reggae dog', 1696, 1972),
(1862, 'Classical sea lion', 1668, 1984),
(1863, 'Country pig', 1624, 1947),
(1864, 'World walrus', 1701, 1947),
(1865, 'Country lizard', 1682, 1924),
(1866, 'Classical crocodile', 1687, 1980),
(1867, 'Rap rhinoceros', 1730, 1937),
(1868, 'Stage And Screen prairie dog', 1735, 1966),
(1869, 'Latin hyena', 1661, 1930),
(1870, 'Rock salmon', 1735, 1928),
(1871, 'Rock jackal', 1630, 2009),
(1872, 'Soul wildebeest', 1636, 2012),
(1873, 'Soul whale', 1643, 1924),
(1874, 'Latin pug', 1664, 1993),
(1875, 'Rap tortoise', 1677, 1949),
(1876, 'Non Music chimpanzee', 1724, 1926),
(1877, 'Funk giraffe', 1721, 1960),
(1878, 'Jazz cricket', 1739, 2017),
(1879, 'Rock koala', 1606, 1941),
(1880, 'World whale', 1683, 1988),
(1881, 'Electronic wallaby', 1715, 1971),
(1882, 'Classical koala', 1702, 1970),
(1883, 'World mink', 1724, 1921),
(1884, 'Country trout', 1639, 1926),
(1885, 'Folk wombat', 1717, 1952),
(1886, 'Blues baboon', 1626, 1974),
(1887, 'Non Music gerbil', 1617, 1982),
(1888, 'Rock caribou', 1714, 1994),
(1889, 'Soul guinea pig', 1618, 1932),
(1890, 'Jazz mammoth', 1686, 1974),
(1891, 'Stage And Screen sardine', 1720, 1980),
(1892, 'Folk mallard', 1644, 1983),
(1893, 'Reggae cod', 1621, 1971),
(1894, 'Pop spider', 1617, 1941),
(1895, 'Non Music muskrat', 1634, 1928),
(1896, 'Blues moose', 1709, 1953),
(1897, 'Country elephant', 1741, 1983),
(1898, 'Folk grasshopper', 1600, 1949),
(1899, 'Pop mosquito', 1600, 1955),
(1900, 'Classical serval', 1743, 1927),
(1901, 'Non Music alpaca', 1634, 1956),
(1902, 'Stage And Screen koala', 1710, 1981),
(1903, 'Non Music goose', 1599, 1928),
(1904, 'Rock gnu', 1713, 1959),
(1905, 'Classical bear', 1634, 2005),
(1906, 'Electronic eagle', 1635, 1971),
(1907, 'Classical sheep', 1668, 1929),
(1908, 'Reggae moose', 1667, 1991),
(1909, 'Reggae bear', 1725, 2012),
(1910, 'Jazz leopard', 1697, 2002),
(1911, 'Rock ferret', 1591, 1998),
(1912, 'Hip Hop giraffe', 1635, 1983),
(1913, 'Non Music muskrat', 1585, 1966),
(1914, 'Classical woodchuck', 1635, 1980),
(1915, 'Soul dinosaur', 1711, 1931),
(1916, 'Electronic mole', 1702, 1967),
(1917, 'Stage And Screen walrus', 1600, 1938),
(1918, 'Hip Hop rabbit', 1678, 1972),
(1919, 'Hip Hop jackal', 1596, 1924),
(1920, 'Soul crow', 1702, 1985),
(1921, 'Jazz porcupine', 1761, 1984),
(1922, 'Funk koala', 1603, 1952),
(1923, 'Rock toad', 1732, 1961),
(1924, 'Stage And Screen fish', 1612, 2005),
(1925, 'Blues salmon', 1632, 2007),
(1926, 'Non Music gorilla', 1735, 2014),
(1927, 'Stage And Screen kangaroo', 1625, 1997),
(1928, 'Pop spider', 1591, 1976),
(1929, 'Electronic impala', 1730, 1938),
(1930, 'Jazz cat', 1760, 1920),
(1931, 'Funk deer', 1640, 2003),
(1932, 'Reggae bear', 1712, 2010),
(1933, 'Blues ferret', 1721, 1976),
(1934, 'Non Music snake', 1649, 1994),
(1935, 'Latin prairie dog', 1704, 1940),
(1936, 'Soul eagle', 1740, 1943),
(1937, 'Latin reindeer', 1733, 2015),
(1938, 'Folk butterfly', 1658, 1962),
(1939, 'Funk water buffalo', 1716, 1961),
(1940, 'Funk yak', 1589, 1941),
(1941, 'Electronic cockroach', 1619, 1935),
(1942, 'Electronic butterfly', 1673, 2018),
(1943, 'Folk water buffalo', 1653, 1954),
(1944, 'Soul salmon', 1608, 1991),
(1945, 'Latin mosquito', 1751, 1943),
(1946, 'Hip Hop alligator', 1603, 1965),
(1947, 'Blues monkey', 1659, 1967),
(1948, 'Rap elk', 1715, 2019),
(1949, 'Folk marten', 1750, 1986),
(1950, 'Funk otter', 1678, 1929),
(1951, 'Electronic fish', 1751, 1934),
(1952, 'Jazz ape', 1653, 2007),
(1953, 'Country mammoth', 1729, 1990),
(1954, 'Rap porcupine', 1605, 1994),
(1955, 'Classical yak', 1644, 1929),
(1956, 'World crocodile', 1707, 2003),
(1957, 'Reggae ox', 1674, 1982),
(1958, 'World cockroach', 1658, 1973),
(1959, 'Country sea lion', 1625, 1983),
(1960, 'Pop mule', 1633, 1949),
(1961, 'Soul rabbit', 1689, 1933),
(1962, 'Hip Hop goose', 1679, 1984),
(1963, 'Pop mouse', 1611, 1947),
(1964, 'Country hound', 1588, 1946),
(1965, 'Hip Hop serval', 1731, 2016),
(1966, 'Electronic ox', 1614, 1947),
(1967, 'Electronic louse', 1757, 2011),
(1968, 'Blues leopard', 1743, 1935),
(1969, 'Reggae bear', 1678, 2006),
(1970, 'Non Music wallaby', 1704, 1956),
(1971, 'World locust', 1689, 1994),
(1972, 'Country duck', 1708, 1952),
(1973, 'Soul manatee', 1657, 1962),
(1974, 'Non Music llama', 1585, 1978),
(1975, 'World manatee', 1733, 1926),
(1976, 'Jazz ox', 1627, 1965),
(1977, 'Reggae porpoise', 1725, 1923),
(1978, 'Reggae goat', 1629, 1998),
(1979, 'Stage And Screen turtle ', 1658, 1989),
(1980, 'Rock squirrel', 1751, 1920),
(1981, 'Blues llama', 1675, 2002),
(1982, 'Latin crocodile', 1586, 1984),
(1983, 'Hip Hop antelope', 1695, 1926),
(1984, 'Non Music bear', 1604, 1972),
(1985, 'Rock wolf', 1700, 1923),
(1986, 'Country ant', 1719, 1930),
(1987, 'Classical hippopotamus', 1735, 1996),
(1988, 'Country lion', 1634, 1971),
(1989, 'Classical woodchuck', 1744, 1987),
(1990, 'Blues termite', 1693, 1954),
(1991, 'Funk gnat', 1678, 1984),
(1992, 'Funk skunk', 1711, 1928),
(1993, 'Electronic bat', 1627, 1962),
(1994, 'Non Music moose', 1620, 1955),
(1995, 'Stage And Screen prairie dog', 1649, 1927),
(1996, 'Hip Hop ape', 1618, 1929),
(1997, 'Soul mink', 1609, 2010),
(1998, 'Stage And Screen hound', 1677, 1983),
(1999, 'Folk gerbil', 1687, 1945),
(2000, 'Soul giraffe', 1749, 2013),
(2001, 'Folk rabbit', 1759, 1952),
(2002, 'Stage And Screen bee', 1638, 2018),
(2003, 'Rap trout', 1720, 2006),
(2004, 'Pop louse', 1680, 1990),
(2005, 'Pop mammoth', 1708, 1989),
(2006, 'Rap bat', 1743, 1961),
(2007, 'Folk wildebeest', 1642, 1992),
(2008, 'Blues oyster', 1677, 1946),
(2009, 'Rock mouse', 1598, 1958),
(2010, 'Blues koala', 1587, 1942),
(2011, 'Folk whale', 1704, 1925),
(2012, 'World squirrel', 1693, 2013),
(2013, 'Funk toad', 1706, 1961),
(2014, 'Non Music pig', 1618, 1957),
(2015, 'Funk mink', 1604, 1981),
(2016, 'World louse', 1606, 1980),
(2017, 'Rap bat', 1691, 2006),
(2018, 'Latin mosquito', 1663, 1928),
(2019, 'Non Music camel', 1644, 1961),
(2020, 'Stage And Screen hamster', 1703, 1955),
(2021, 'Jazz bear', 1609, 1938),
(2022, 'Soul armadillo', 1650, 1940),
(2023, 'Non Music wombat', 1630, 2013),
(2024, 'Rock spider', 1616, 1984),
(2025, 'Reggae louse', 1666, 1990),
(2026, 'Rock otter', 1641, 1977),
(2027, 'Latin eel', 1662, 1956),
(2028, 'Stage And Screen cattle', 1771, 1985),
(2029, 'Latin hyena', 1644, 1942),
(2030, 'Non Music woodchuck', 1694, 1941),
(2031, 'Stage And Screen yellowjacket', 1777, 2010),
(2032, 'Reggae zebra', 1585, 1943),
(2033, 'Funk prairie dog', 1631, 1988),
(2034, 'Latin kangaroo', 1682, 1924),
(2035, 'Rock hornet', 1726, 1925),
(2036, 'Soul bat', 1635, 1960),
(2037, 'Classical rat', 1691, 1965),
(2038, 'World weasel', 1664, 1983),
(2039, 'World trout', 1639, 1955),
(2040, 'Funk hornet', 1679, 1980),
(2041, 'Soul tortoise', 1611, 1942),
(2042, 'Country elephant', 1725, 1999),
(2043, 'Non Music impala', 1683, 1920),
(2044, 'Rock gorilla', 1685, 1944),
(2045, 'World hare', 1595, 1968),
(2046, 'Rap porpoise', 1773, 1955),
(2047, 'Rap elephant', 1680, 1945),
(2048, 'Non Music baboon', 1637, 1988),
(2049, 'Classical crow', 1617, 1990),
(2050, 'Latin eagle', 1687, 1934),
(2051, 'Pop dinosaur', 1711, 1997),
(2052, 'Rock bee', 1691, 1993),
(2053, 'Rock scorpion', 1587, 1942),
(2054, 'Latin herring', 1705, 1977),
(2055, 'Non Music cheetah', 1761, 2014),
(2056, 'Non Music mallard', 1635, 1922),
(2057, 'Latin crocodile', 1679, 1987),
(2058, 'Electronic panda', 1623, 1968),
(2059, 'Latin fly', 1690, 1968),
(2060, 'Latin pig', 1762, 1950),
(2061, 'Pop mouse', 1649, 1987),
(2062, 'Funk beetle', 1618, 1929),
(2063, 'Classical yak', 1602, 2004),
(2064, 'Rock hornet', 1601, 1967),
(2065, 'Reggae jackal', 1653, 1997),
(2066, 'Non Music snake', 1781, 2006),
(2067, 'World horse', 1609, 2005),
(2068, 'Reggae cod', 1665, 1968),
(2069, 'Rap pig', 1684, 1967),
(2070, 'Latin bear', 1705, 1942),
(2071, 'Hip Hop baboon', 1601, 1958),
(2072, 'Pop ox', 1683, 1951),
(2073, 'Blues wasp', 1783, 1988),
(2074, 'Rap sardine', 1697, 2015),
(2075, 'Stage And Screen beetle', 1591, 1981),
(2076, 'Rap tiger', 1693, 1986),
(2077, 'Blues crow', 1644, 1950),
(2078, 'Rock jackal', 1671, 2008),
(2079, 'Hip Hop grasshopper', 1599, 1924),
(2080, 'World elephant', 1724, 1953),
(2081, 'Classical water buffalo', 1725, 1944),
(2082, 'Electronic crab', 1695, 1944),
(2083, 'Electronic rabbit', 1641, 1935),
(2084, 'Funk goldfish', 1691, 2017),
(2085, 'Reggae otter', 1736, 2012),
(2086, 'Rap hedgehog', 1664, 2005),
(2087, 'Country water buffalo', 1684, 1967),
(2088, 'Stage And Screen squirrel', 1641, 1922),
(2089, 'Latin wildebeest', 1700, 1993),
(2090, 'Classical mink', 1709, 1925),
(2091, 'Non Music goldfish', 1644, 1991),
(2092, 'Country fly', 1636, 1957),
(2093, 'Classical wolf', 1614, 1926),
(2094, 'Folk beetle', 1587, 2003),
(2095, 'Reggae camel', 1684, 1925),
(2096, 'Stage And Screen rabbit', 1638, 1985),
(2097, 'Electronic ant', 1684, 2008),
(2098, 'Pop seal', 1672, 2009),
(2099, 'Reggae butterfly', 1703, 1965),
(2100, 'Non Music trout', 1749, 1937),
(2101, 'Electronic cat', 1608, 1986),
(2102, 'Reggae minnow', 1594, 2011),
(2103, 'World serval', 1713, 2004),
(2104, 'Hip Hop mule', 1691, 1952),
(2105, 'World toad', 1613, 2000),
(2106, 'Pop baboon', 1612, 1981),
(2107, 'Rap wasp', 1769, 1941),
(2108, 'Latin reindeer', 1643, 2011),
(2109, 'Country porpoise', 1624, 1942),
(2110, 'Rap hyena', 1620, 1932),
(2111, 'Jazz hippopotamus', 1750, 1950),
(2112, 'Pop sardine', 1731, 1985),
(2113, 'Soul termite', 1705, 2005),
(2114, 'Stage And Screen crocodile', 1598, 1953),
(2115, 'Blues sheep', 1639, 2003),
(2116, 'World pig', 1688, 1936),
(2117, 'World duck', 1655, 1925),
(2118, 'Jazz clam', 1664, 1943),
(2119, 'Funk shark', 1761, 2006),
(2120, 'Soul weasel', 1725, 1971),
(2121, 'Pop ferret', 1691, 1996),
(2122, 'Country moose', 1735, 1941),
(2123, 'Reggae yak', 1765, 1961),
(2124, 'World butterfly', 1619, 1994),
(2125, 'Soul koala', 1642, 1995),
(2126, 'Rock minnow', 1603, 1980),
(2127, 'Non Music duck', 1610, 1975),
(2128, 'Rap chinchilla', 1686, 2008),
(2129, 'Folk beaver', 1679, 1988),
(2130, 'Pop cattle', 1689, 1927),
(2131, 'Classical shark', 1688, 2004),
(2132, 'Stage And Screen seal', 1626, 1954),
(2133, 'Electronic bat', 1680, 1964),
(2134, 'Classical coyote', 1599, 1927),
(2135, 'Pop beaver', 1634, 2012),
(2136, 'Soul wildebeest', 1702, 1973),
(2137, 'Classical chinchilla', 1772, 1972),
(2138, 'Latin toad', 1787, 1923),
(2139, 'Electronic alligator', 1729, 1928),
(2140, 'Country toad', 1736, 1933),
(2141, 'Soul dinosaur', 1776, 1973),
(2142, 'Rock rhinoceros', 1672, 1961),
(2143, 'Non Music clam', 1594, 1953),
(2144, 'Latin gnat', 1623, 2003),
(2145, 'Soul marten', 1722, 1922),
(2146, 'Pop yellowjacket', 1712, 1980),
(2147, 'Stage And Screen swan', 1725, 1982),
(2148, 'Reggae impala', 1641, 1926),
(2149, 'Classical chinchilla', 1614, 1940),
(2150, 'Folk eagle', 1708, 1934),
(2151, 'Country cricket', 1803, 1925),
(2152, 'Soul gorilla', 1733, 1940),
(2153, 'Classical mule', 1794, 1956),
(2154, 'Pop manatee', 1752, 1943),
(2155, 'Latin lizard', 1699, 2006),
(2156, 'Classical wildebeest', 1770, 1942),
(2157, 'Country rat', 1664, 1970),
(2158, 'Blues dinosaur', 1797, 1979),
(2159, 'Pop trout', 1708, 2006),
(2160, 'Folk goose', 1664, 1970),
(2161, 'Country raccoon', 1606, 1959),
(2162, 'Folk mole', 1703, 1979),
(2163, 'Country otter', 1593, 1984),
(2164, 'Rock kangaroo', 1718, 1967),
(2165, 'Country crocodile', 1728, 1995),
(2166, 'Reggae pig', 1662, 1979),
(2167, 'Soul clam', 1692, 1962),
(2168, 'Folk alligator', 1768, 2013),
(2169, 'Electronic woodchuck', 1601, 1946),
(2170, 'Rock gorilla', 1595, 1940),
(2171, 'Stage And Screen locust', 1624, 1979),
(2172, 'Pop mole', 1708, 2003),
(2173, 'Non Music goose', 1619, 1950),
(2174, 'Soul wallaby', 1782, 1930),
(2175, 'Stage And Screen toad', 1681, 1998),
(2176, 'Soul mammoth', 1756, 1975),
(2177, 'Country walrus', 1724, 1923),
(2178, 'Rap camel', 1797, 1994),
(2179, 'Hip Hop horse', 1728, 1929),
(2180, 'Folk hamster', 1590, 2002),
(2181, 'Country clam', 1716, 1928),
(2182, 'Soul caribou', 1786, 1984),
(2183, 'Rock seal', 1664, 2009),
(2184, 'Electronic giraffe', 1604, 1982),
(2185, 'Classical clam', 1595, 1924),
(2186, 'World gnu', 1781, 1982),
(2187, 'Hip Hop porpoise', 1658, 1936),
(2188, 'Hip Hop wasp', 1780, 1934),
(2189, 'Reggae jellyfish', 1722, 2018),
(2190, 'Pop dog', 1751, 1994),
(2191, 'Latin caribou', 1689, 2001),
(2192, 'Electronic muskrat', 1755, 1961),
(2193, 'Stage And Screen pug', 1708, 1974),
(2194, 'Rock mink', 1769, 1938),
(2195, 'Stage And Screen shark', 1661, 1920),
(2196, 'Stage And Screen wombat', 1788, 2001),
(2197, 'Classical mallard', 1686, 1977),
(2198, 'Rock alligator', 1599, 2011),
(2199, 'Non Music serval', 1757, 1932),
(2200, 'Reggae crocodile', 1596, 1957),
(2201, 'Folk mosquito', 1648, 1957),
(2202, 'Electronic squirrel', 1782, 2001),
(2203, 'Soul caribou', 1751, 1999),
(2204, 'Jazz spider', 1671, 2010),
(2205, 'Rap turtle ', 1683, 1928),
(2206, 'Country cricket', 1593, 1943),
(2207, 'Reggae rhinoceros', 1712, 1955),
(2208, 'Country macaw', 1700, 1941),
(2209, 'Folk trout', 1661, 1960),
(2210, 'Blues marten', 1591, 1964),
(2211, 'Hip Hop spider', 1785, 1991),
(2212, 'Classical squirrel', 1667, 1925),
(2213, 'Rock buffalo', 1785, 1938),
(2214, 'Soul cattle', 1771, 1991),
(2215, 'Funk cattle', 1599, 1926),
(2216, 'Folk horse', 1752, 1961),
(2217, 'Folk marten', 1723, 1997),
(2218, 'Non Music muskrat', 1743, 1937),
(2219, 'Blues grasshopper', 1766, 2017),
(2220, 'Rock scorpion', 1705, 1983),
(2221, 'Blues ant', 1691, 1940),
(2222, 'Hip Hop whale', 1823, 1985),
(2223, 'Blues goose', 1743, 1933),
(2224, 'Rock walrus', 1807, 1935),
(2225, 'Classical mule', 1688, 1927),
(2226, 'Classical elephant', 1638, 1983),
(2227, 'Classical mallard', 1727, 2015),
(2228, 'Country bear', 1642, 2003),
(2229, 'Blues sea lion', 1628, 2001),
(2230, 'Country serval', 1607, 1974),
(2231, 'Rap hound', 1818, 1931),
(2232, 'Pop jackal', 1696, 2000),
(2233, 'Jazz mosquito', 1761, 1949),
(2234, 'Folk swan', 1789, 1966),
(2235, 'Pop horse', 1683, 2017),
(2236, 'Non Music beaver', 1776, 2007),
(2237, 'Reggae skunk', 1646, 1952),
(2238, 'Reggae salmon', 1806, 1936),
(2239, 'Classical wombat', 1725, 1986),
(2240, 'Stage And Screen pig', 1810, 1997),
(2241, 'Stage And Screen hamster', 1594, 1938),
(2242, 'Latin monkey', 1685, 1924),
(2243, 'Reggae worm', 1716, 2015),
(2244, 'Non Music reindeer', 1593, 1920),
(2245, 'Blues ferret', 1700, 1964),
(2246, 'Reggae kangaroo', 1649, 1992),
(2247, 'Country donkey', 1660, 1944),
(2248, 'Soul scorpion', 1661, 1976),
(2249, 'Blues tiger', 1666, 1998),
(2250, 'Classical ox', 1765, 2011),
(2251, 'Latin pig', 1681, 1994),
(2252, 'Classical cricket', 1598, 2015),
(2253, 'Country cricket', 1628, 1966),
(2254, 'Reggae leopard', 1743, 1954),
(2255, 'Electronic spider', 1746, 1977),
(2256, 'Classical jellyfish', 1788, 1938),
(2257, 'Electronic hound', 1595, 1978),
(2258, 'Rock gnat', 1764, 1941),
(2259, 'Latin monkey', 1823, 1921),
(2260, 'Rap tiger', 1627, 1933),
(2261, 'Pop frog', 1614, 1948),
(2262, 'Rock ox', 1627, 1937),
(2263, 'Hip Hop horse', 1603, 2011),
(2264, 'Reggae crow', 1631, 1962),
(2265, 'Pop grasshopper', 1792, 1969),
(2266, 'Pop minnow', 1701, 1979),
(2267, 'World cod', 1716, 1980),
(2268, 'Non Music seal', 1794, 1945),
(2269, 'Folk armadillo', 1616, 1940),
(2270, 'Funk kangaroo', 1660, 1955),
(2271, 'Reggae beetle', 1656, 1960),
(2272, 'Hip Hop monkey', 1595, 1938),
(2273, 'Hip Hop wildebeest', 1820, 1979),
(2274, 'Classical hornet', 1599, 1989),
(2275, 'World serval', 1822, 2004),
(2276, 'Funk badger', 1685, 1957),
(2277, 'Hip Hop spider', 1810, 2005),
(2278, 'Pop mallard', 1820, 1982),
(2279, 'Country butterfly', 1776, 2012),
(2280, 'Folk otter', 1598, 1960),
(2281, 'Funk turtle ', 1625, 1948),
(2282, 'Rock beetle', 1668, 2006),
(2283, 'Soul hippopotamus', 1599, 1972),
(2284, 'Electronic reindeer', 1738, 1942),
(2285, 'Folk squirrel', 1614, 2016),
(2286, 'Rock rabbit', 1804, 1991),
(2287, 'Funk chinchilla', 1738, 2013),
(2288, 'Jazz eagle', 1788, 1965),
(2289, 'Jazz leopard', 1710, 1989),
(2290, 'Country alligator', 1801, 1972),
(2291, 'Stage And Screen antelope', 1588, 1984),
(2292, 'Reggae fish', 1746, 2000),
(2293, 'Electronic cod', 1778, 1936),
(2294, 'Hip Hop mosquito', 1781, 2018),
(2295, 'Latin fox', 1768, 1961),
(2296, 'Stage And Screen yak', 1731, 1945),
(2297, 'Blues hyena', 1599, 1929),
(2298, 'Classical ferret', 1586, 1961),
(2299, 'Rap tortoise', 1731, 1940),
(2300, 'Rock yellowjacket', 1678, 1927),
(2301, 'Soul snake', 1696, 1945),
(2302, 'World snail', 1660, 1958),
(2303, 'Reggae reindeer', 1705, 2003),
(2304, 'World ox', 1803, 1999),
(2305, 'Funk badger', 1620, 2004),
(2306, 'Rap monkey', 1793, 2010),
(2307, 'Hip Hop snake', 1695, 1993),
(2308, 'Rap goose', 1602, 1959),
(2309, 'Soul kangaroo', 1723, 1959),
(2310, 'Stage And Screen kangaroo', 1618, 1973),
(2311, 'Pop termite', 1729, 1927),
(2312, 'Stage And Screen cod', 1767, 1961),
(2313, 'Blues baboon', 1616, 1939),
(2314, 'Blues otter', 1605, 1963),
(2315, 'Rock crow', 1657, 1962),
(2316, 'Jazz donkey', 1595, 1967),
(2317, 'Rap butterfly', 1626, 1959),
(2318, 'Reggae chimpanzee', 1740, 1933),
(2319, 'Soul duck', 1730, 1980),
(2320, 'Hip Hop tortoise', 1711, 1956),
(2321, 'Non Music moose', 1692, 2013),
(2322, 'Pop platypus', 1662, 2005),
(2323, 'Electronic ape', 1651, 2005),
(2324, 'Blues eel', 1815, 1975),
(2325, 'Folk termite', 1704, 1962),
(2326, 'Rap rabbit', 1759, 1973),
(2327, 'Latin whale', 1673, 1997),
(2328, 'World alligator', 1741, 1965),
(2329, 'Blues kangaroo', 1643, 1936),
(2330, 'Funk clam', 1787, 1958),
(2331, 'Hip Hop fox', 1709, 2016),
(2332, 'Reggae sardine', 1724, 1942),
(2333, 'Blues wolf', 1715, 2019),
(2334, 'Non Music ape', 1743, 2008),
(2335, 'Soul frog', 1779, 1991),
(2336, 'Rock walrus', 1669, 2016),
(2337, 'Rock gerbil', 1766, 2009),
(2338, 'Folk cricket', 1696, 1981),
(2339, 'Folk cicada', 1825, 1931),
(2340, 'Soul mammoth', 1617, 1949),
(2341, 'Funk hedgehog', 1784, 1961),
(2342, 'Pop wolf', 1823, 1921),
(2343, 'Rock wasp', 1607, 1931),
(2344, 'Stage And Screen fox', 1617, 1932),
(2345, 'Pop fox', 1741, 2009),
(2346, 'Folk swan', 1649, 1964),
(2347, 'Country locust', 1698, 1929),
(2348, 'Blues whale', 1614, 1945),
(2349, 'Stage And Screen bear', 1608, 1992),
(2350, 'Folk marten', 1636, 1935),
(2351, 'Funk donkey', 1839, 2009),
(2352, 'Reggae sea lion', 1690, 1991),
(2353, 'World fox', 1695, 1988),
(2354, 'Soul mammoth', 1834, 1974),
(2355, 'Soul termite', 1633, 1939),
(2356, 'Latin panda', 1666, 1964),
(2357, 'Rap otter', 1748, 1963),
(2358, 'Jazz yellowjacket', 1721, 1970),
(2359, 'Jazz monkey', 1825, 1936),
(2360, 'Rap mallard', 1837, 1920),
(2361, 'Rap worm', 1595, 1949),
(2362, 'Latin dog', 1643, 1967),
(2363, 'Latin frog', 1684, 1984),
(2364, 'Blues wasp', 1833, 1955),
(2365, 'Blues sheep', 1650, 1979),
(2366, 'Non Music monkey', 1762, 1970),
(2367, 'Pop badger', 1722, 1952),
(2368, 'Latin jellyfish', 1788, 2019),
(2369, 'Soul tortoise', 1787, 1932),
(2370, 'Non Music crab', 1750, 1955),
(2371, 'Hip Hop toad', 1713, 1961),
(2372, 'Electronic tortoise', 1647, 1926),
(2373, 'Classical beetle', 1765, 1992),
(2374, 'Electronic jackal', 1786, 1951),
(2375, 'Funk wolf', 1665, 1990),
(2376, 'Soul giraffe', 1704, 1979),
(2377, 'Country duck', 1693, 1982),
(2378, 'Soul ant', 1644, 1942),
(2379, 'Electronic mink', 1826, 1993),
(2380, 'Rap raven', 1753, 1974),
(2381, 'Blues yak', 1749, 1968),
(2382, 'Electronic eagle', 1791, 1949),
(2383, 'Classical fish', 1658, 2006),
(2384, 'Rock zebra', 1680, 1982),
(2385, 'Reggae duck', 1650, 1959),
(2386, 'Blues cicada', 1781, 1980),
(2387, 'Stage And Screen crocodile', 1642, 2001),
(2388, 'Folk kangaroo', 1733, 1981),
(2389, 'Jazz marten', 1632, 1938),
(2390, 'Non Music lion', 1627, 1988),
(2391, 'Reggae sardine', 1605, 1959),
(2392, 'Blues prairie dog', 1602, 2003),
(2393, 'Classical coyote', 1595, 1950),
(2394, 'Folk walrus', 1733, 2005),
(2395, 'Stage And Screen mosquito', 1758, 2001),
(2396, 'Reggae mammoth', 1723, 1948),
(2397, 'Hip Hop herring', 1803, 1928),
(2398, 'Non Music yellowjacket', 1843, 1932),
(2399, 'Rock butterfly', 1718, 1974),
(2400, 'Country turtle ', 1600, 1978),
(2401, 'Electronic butterfly', 1601, 1956),
(2402, 'Stage And Screen snake', 1718, 1929),
(2403, 'Country alligator', 1726, 1928),
(2404, 'Pop wallaby', 1794, 1952),
(2405, 'Folk snake', 1695, 2014),
(2406, 'Electronic snail', 1736, 1977),
(2407, 'Electronic cricket', 1672, 1994),
(2408, 'Blues platypus', 1730, 1943),
(2409, 'Soul wombat', 1679, 1940),
(2410, 'Rap coyote', 1608, 1968),
(2411, 'Rap ferret', 1686, 1922),
(2412, 'Folk beaver', 1751, 1923),
(2413, 'Stage And Screen toad', 1656, 2017),
(2414, 'Blues reindeer', 1665, 1975),
(2415, 'Classical seal', 1695, 2008),
(2416, 'Hip Hop buffalo', 1807, 1934),
(2417, 'World mammoth', 1804, 1959),
(2418, 'Soul tortoise', 1679, 1930),
(2419, 'Non Music termite', 1738, 1921),
(2420, 'Non Music wallaby', 1799, 1982),
(2421, 'Funk goat', 1590, 1940),
(2422, 'Stage And Screen prairie dog', 1663, 1982),
(2423, 'Pop termite', 1647, 1929),
(2424, 'Pop bat', 1677, 1977),
(2425, 'Stage And Screen mole', 1710, 1994),
(2426, 'World llama', 1686, 2016),
(2427, 'Electronic snake', 1676, 1994),
(2428, 'Reggae snake', 1669, 1992),
(2429, 'Funk cattle', 1845, 1997),
(2430, 'Folk scorpion', 1782, 1999),
(2431, 'Electronic badger', 1799, 1998),
(2432, 'Reggae beetle', 1768, 1956),
(2433, 'Funk platypus', 1738, 1967),
(2434, 'Pop locust', 1594, 1950),
(2435, 'Non Music dog', 1849, 1985),
(2436, 'Hip Hop shark', 1628, 1980),
(2437, 'Blues oyster', 1591, 1935),
(2438, 'World raccoon', 1741, 1971),
(2439, 'Latin tiger', 1654, 1963),
(2440, 'Blues jackal', 1832, 1989),
(2441, 'Funk clam', 1858, 2004),
(2442, 'Funk elk', 1617, 1928),
(2443, 'Pop chinchilla', 1619, 1984),
(2444, 'Jazz donkey', 1682, 1961),
(2445, 'Reggae bat', 1674, 1979),
(2446, 'Country rabbit', 1598, 1949),
(2447, 'Country duck', 1710, 1958),
(2448, 'Classical eel', 1677, 1931),
(2449, 'Classical alpaca', 1733, 1933),
(2450, 'Hip Hop mink', 1692, 1991),
(2451, 'Rock cod', 1605, 1961),
(2452, 'Electronic manatee', 1594, 1928),
(2453, 'Folk jackal', 1591, 1962),
(2454, 'Classical guinea pig', 1863, 1990),
(2455, 'Folk oyster', 1836, 2017),
(2456, 'Country shark', 1757, 2000),
(2457, 'Classical minnow', 1682, 1946),
(2458, 'Rock dog', 1633, 2002),
(2459, 'Hip Hop coyote', 1797, 1974),
(2460, 'Soul ape', 1798, 2008),
(2461, 'Reggae tiger', 1712, 1950),
(2462, 'Funk crab', 1716, 1961),
(2463, 'Classical gnu', 1658, 1978),
(2464, 'Jazz duck', 1689, 2016),
(2465, 'Rock impala', 1780, 2007),
(2466, 'Folk dog', 1613, 1978),
(2467, 'Country yellowjacket', 1803, 1969),
(2468, 'Latin alligator', 1854, 1985),
(2469, 'World hound', 1832, 2000),
(2470, 'World minnow', 1827, 1939),
(2471, 'Rock ox', 1861, 1923),
(2472, 'Hip Hop moose', 1818, 1948),
(2473, 'Funk porcupine', 1608, 1952),
(2474, 'Pop coyote', 1812, 1931),
(2475, 'Folk porcupine', 1843, 2008),
(2476, 'Blues otter', 1800, 1937),
(2477, 'Funk alligator', 1666, 1953),
(2478, 'Pop bee', 1752, 1951),
(2479, 'Pop beaver', 1600, 1958),
(2480, 'Latin weasel', 1620, 1948),
(2481, 'Reggae hedgehog', 1836, 1953),
(2482, 'Blues fox', 1814, 1948),
(2483, 'Country crow', 1689, 1989),
(2484, 'Classical impala', 1620, 2013),
(2485, 'Hip Hop spider', 1591, 1963),
(2486, 'Stage And Screen lizard', 1659, 1962),
(2487, 'Electronic cicada', 1837, 1957),
(2488, 'Latin jellyfish', 1691, 1947),
(2489, 'Blues swan', 1702, 1966),
(2490, 'Soul snake', 1672, 2001),
(2491, 'Stage And Screen yak', 1765, 1987),
(2492, 'Folk louse', 1626, 2008),
(2493, 'Latin ant', 1697, 1988),
(2494, 'Latin dinosaur', 1704, 1995),
(2495, 'Non Music swan', 1731, 1935),
(2496, 'Country monkey', 1767, 1937),
(2497, 'Classical wolf', 1638, 1951),
(2498, 'Rock sea lion', 1601, 1935),
(2499, 'Latin trout', 1610, 1981),
(2500, 'Folk macaw', 1809, 1960),
(2501, 'Stage And Screen llama', 1647, 1986),
(2502, 'Classical sardine', 1817, 1959),
(2503, 'World alligator', 1790, 1923),
(2504, 'Reggae prairie dog', 1757, 2011),
(2505, 'Latin giraffe', 1831, 1924),
(2506, 'World ox', 1674, 1982),
(2507, 'Latin snake', 1621, 1977),
(2508, 'World wasp', 1829, 1937),
(2509, 'Pop minnow', 1619, 1979),
(2510, 'Classical duck', 1668, 1997),
(2511, 'Reggae dinosaur', 1748, 1991),
(2512, 'Rock weasel', 1598, 1997),
(2513, 'Non Music butterfly', 1727, 1929),
(2514, 'Stage And Screen mink', 1815, 2017),
(2515, 'Folk marten', 1624, 1990),
(2516, 'Electronic pig', 1647, 1920),
(2517, 'Electronic fish', 1859, 1986),
(2518, 'Soul donkey', 1862, 2006),
(2519, 'Stage And Screen louse', 1799, 1987),
(2520, 'Jazz manatee', 1798, 2014),
(2521, 'Country bat', 1702, 2011),
(2522, 'Stage And Screen panda', 1611, 1933),
(2523, 'Soul hound', 1667, 1975),
(2524, 'Stage And Screen mallard', 1713, 1922),
(2525, 'Electronic macaw', 1698, 2000),
(2526, 'Classical raccoon', 1757, 1920),
(2527, 'World yak', 1598, 1974),
(2528, 'Rap turtle ', 1668, 1950),
(2529, 'Blues panda', 1627, 2017),
(2530, 'Electronic swan', 1696, 1972),
(2531, 'Reggae clam', 1856, 2006),
(2532, 'Soul bear', 1680, 1925),
(2533, 'World horse', 1643, 1973),
(2534, 'Pop ferret', 1730, 2009),
(2535, 'Reggae porpoise', 1811, 1995),
(2536, 'Hip Hop oyster', 1666, 1938),
(2537, 'Classical turtle ', 1607, 2011),
(2538, 'Funk muskrat', 1726, 2001),
(2539, 'Soul impala', 1749, 2018),
(2540, 'Rap moose', 1773, 1944),
(2541, 'Rap crab', 1698, 1956),
(2542, 'Classical bat', 1614, 1942),
(2543, 'Hip Hop porcupine', 1591, 1934),
(2544, 'Country minnow', 1841, 2003),
(2545, 'Electronic locust', 1616, 1955),
(2546, 'Jazz trout', 1639, 1987),
(2547, 'Hip Hop pig', 1639, 1989),
(2548, 'Latin trout', 1832, 1988),
(2549, 'World bat', 1688, 1943),
(2550, 'Pop horse', 1767, 1990),
(2551, 'Funk manatee', 1770, 2006),
(2552, 'Latin wasp', 1880, 2001),
(2553, 'Pop raccoon', 1770, 2010),
(2554, 'Soul elk', 1647, 1991),
(2555, 'Funk mule', 1856, 1948),
(2556, 'Country butterfly', 1839, 1931),
(2557, 'Country mammoth', 1669, 1959),
(2558, 'Funk cat', 1643, 1930),
(2559, 'Pop sardine', 1612, 1989),
(2560, 'Blues tiger', 1777, 1978),
(2561, 'Hip Hop buffalo', 1690, 1928),
(2562, 'Rap yellowjacket', 1821, 1984),
(2563, 'World mule', 1665, 1983),
(2564, 'Jazz mouse', 1695, 2004),
(2565, 'Classical fox', 1706, 1948),
(2566, 'Rock sheep', 1640, 1937),
(2567, 'Rap salmon', 1602, 1993),
(2568, 'Rock camel', 1652, 2016),
(2569, 'Reggae worm', 1668, 1945),
(2570, 'Pop bear', 1637, 1922),
(2571, 'Rap yellowjacket', 1608, 2010),
(2572, 'Rap badger', 1618, 1984),
(2573, 'Hip Hop bee', 1869, 1974),
(2574, 'Jazz mallard', 1702, 1960),
(2575, 'Rap clam', 1799, 1951),
(2576, 'Latin clam', 1636, 2019),
(2577, 'Classical cod', 1877, 1997),
(2578, 'Jazz wasp', 1731, 1986),
(2579, 'Rock duck', 1618, 2009),
(2580, 'Rap alligator', 1603, 1970),
(2581, 'Pop elephant', 1819, 1973),
(2582, 'Reggae mosquito', 1846, 1998),
(2583, 'Non Music trout', 1714, 2004),
(2584, 'Rap reindeer', 1734, 2014),
(2585, 'World chinchilla', 1585, 2004),
(2586, 'Reggae goat', 1721, 1943),
(2587, 'Reggae goat', 1870, 1935),
(2588, 'Rap clam', 1802, 1975),
(2589, 'Hip Hop koala', 1680, 1953),
(2590, 'Funk wildebeest', 1738, 1959),
(2591, 'Rock skunk', 1629, 2006),
(2592, 'Jazz turtle ', 1813, 1981),
(2593, 'Blues lizard', 1766, 1954),
(2594, 'Non Music lizard', 1686, 2005),
(2595, 'Reggae camel', 1637, 1962),
(2596, 'Blues duck', 1752, 1982),
(2597, 'Pop sardine', 1701, 1945),
(2598, 'Folk giraffe', 1627, 2012),
(2599, 'Classical giraffe', 1793, 1970),
(2600, 'Jazz mink', 1649, 2001),
(2601, 'Reggae impala', 1862, 2014),
(2602, 'Rock beetle', 1618, 2001),
(2603, 'Hip Hop badger', 1882, 1960),
(2604, 'Folk cockroach', 1832, 2011),
(2605, 'Folk giraffe', 1837, 2003),
(2606, 'Latin guinea pig', 1836, 1940),
(2607, 'Soul pig', 1820, 1944),
(2608, 'Latin muskrat', 1826, 1929),
(2609, 'Electronic snail', 1846, 2002),
(2610, 'Electronic rhinoceros', 1681, 1990),
(2611, 'Folk tiger', 1664, 1935),
(2612, 'Rap yellowjacket', 1709, 1995),
(2613, 'Electronic mink', 1667, 2014),
(2614, 'Pop gorilla', 1676, 1971),
(2615, 'Non Music dinosaur', 1787, 1920),
(2616, 'World alpaca', 1691, 1989),
(2617, 'Funk gerbil', 1650, 1956),
(2618, 'Jazz rat', 1810, 1993),
(2619, 'Blues swan', 1728, 1931),
(2620, 'Jazz dog', 1799, 1924),
(2621, 'Jazz marten', 1732, 1986),
(2622, 'Reggae wildebeest', 1697, 2014),
(2623, 'Country porcupine', 1744, 1972),
(2624, 'Rock woodchuck', 1698, 1920),
(2625, 'Latin gnu', 1680, 1931),
(2626, 'Blues buffalo', 1630, 1989),
(2627, 'Latin termite', 1861, 1940),
(2628, 'Folk cricket', 1786, 1993),
(2629, 'Classical trout', 1833, 1974),
(2630, 'Latin rhinoceros', 1806, 1988),
(2631, 'Latin porcupine', 1671, 1946),
(2632, 'Latin snake', 1657, 1923),
(2633, 'Classical beetle', 1587, 1950),
(2634, 'Latin goose', 1888, 1960),
(2635, 'Country spider', 1825, 1932),
(2636, 'Stage And Screen skunk', 1759, 1927),
(2637, 'Non Music guinea pig', 1885, 1925),
(2638, 'Non Music caribou', 1766, 1969),
(2639, 'Non Music water buffalo', 1860, 1928),
(2640, 'Rock woodchuck', 1585, 1921),
(2641, 'Classical wasp', 1841, 1986),
(2642, 'Hip Hop cricket', 1895, 2003),
(2643, 'Country goat', 1835, 1946),
(2644, 'Blues ant', 1899, 1926),
(2645, 'Funk woodchuck', 1694, 1944),
(2646, 'Latin yellowjacket', 1766, 1983),
(2647, 'Folk llama', 1631, 1951),
(2648, 'Pop walrus', 1822, 1935),
(2649, 'Non Music sheep', 1880, 1985),
(2650, 'Electronic leopard', 1833, 1979),
(2651, 'Latin antelope', 1798, 1939),
(2652, 'Funk dog', 1671, 1994),
(2653, 'Hip Hop snake', 1901, 1971),
(2654, 'Rap goat', 1873, 1948),
(2655, 'Electronic oyster', 1812, 1983),
(2656, 'Reggae wombat', 1685, 1975),
(2657, 'Pop locust', 1622, 1945),
(2658, 'Rock squirrel', 1689, 1994),
(2659, 'Rap skunk', 1869, 1958),
(2660, 'Stage And Screen wallaby', 1876, 1980),
(2661, 'Pop otter', 1894, 1981),
(2662, 'Latin raven', 1759, 2015),
(2663, 'Folk goldfish', 1605, 1939),
(2664, 'Country gerbil', 1885, 1943),
(2665, 'World camel', 1769, 1958),
(2666, 'Classical llama', 1604, 1933),
(2667, 'World gnu', 1609, 1969),
(2668, 'Classical reindeer', 1870, 2015),
(2669, 'World dog', 1606, 1951),
(2670, 'Latin cheetah', 1720, 1948),
(2671, 'Latin leopard', 1786, 2012),
(2672, 'Jazz frog', 1589, 1926),
(2673, 'Non Music water buffalo', 1708, 1986),
(2674, 'Folk llama', 1897, 2001),
(2675, 'Hip Hop mink', 1650, 1953),
(2676, 'Funk snail', 1698, 1942),
(2677, 'Reggae mouse', 1609, 1969),
(2678, 'Pop shark', 1835, 1979),
(2679, 'Stage And Screen crab', 1674, 1998),
(2680, 'Reggae wallaby', 1841, 1944),
(2681, 'Rap cockroach', 1604, 1935),
(2682, 'World chinchilla', 1820, 2009),
(2683, 'Pop monkey', 1748, 1921),
(2684, 'Pop muskrat', 1742, 1927),
(2685, 'Electronic macaw', 1822, 1966),
(2686, 'Blues cod', 1867, 1961),
(2687, 'Pop serval', 1707, 1944),
(2688, 'Blues skunk', 1587, 2001),
(2689, 'Pop mule', 1844, 1973),
(2690, 'World tortoise', 1610, 1941),
(2691, 'Rock otter', 1737, 1959),
(2692, 'Folk gnu', 1753, 1922),
(2693, 'Stage And Screen kangaroo', 1853, 1931),
(2694, 'Hip Hop marten', 1655, 1968),
(2695, 'Pop ox', 1668, 2011),
(2696, 'Funk sheep', 1880, 1997),
(2697, 'Rap dolphin', 1820, 1938),
(2698, 'Rock dog', 1898, 2017),
(2699, 'Soul badger', 1654, 1940),
(2700, 'Stage And Screen trout', 1661, 2001),
(2701, 'Classical pig', 1859, 1956),
(2702, 'Classical kangaroo', 1620, 1950),
(2703, 'Stage And Screen swan', 1765, 1987),
(2704, 'Blues skunk', 1722, 1920),
(2705, 'Non Music gnat', 1683, 1927),
(2706, 'Classical minnow', 1723, 2017),
(2707, 'Rap ferret', 1687, 2019),
(2708, 'Hip Hop ape', 1749, 2005),
(2709, 'Reggae impala', 1835, 2016),
(2710, 'Latin cheetah', 1716, 1962),
(2711, 'Rap rabbit', 1608, 1971),
(2712, 'Hip Hop giraffe', 1675, 1927),
(2713, 'Pop fish', 1610, 2019),
(2714, 'Rap termite', 1672, 1958),
(2715, 'Blues panda', 1810, 2010),
(2716, 'Jazz cod', 1637, 1963),
(2717, 'Reggae toad', 1873, 1924),
(2718, 'Folk alpaca', 1795, 1928),
(2719, 'Non Music raccoon', 1744, 1947),
(2720, 'Country fox', 1827, 2009),
(2721, 'Reggae ferret', 1785, 1969),
(2722, 'Folk sea lion', 1882, 1963),
(2723, 'Hip Hop salmon', 1658, 1997),
(2724, 'Stage And Screen bee', 1655, 1942),
(2725, 'Latin ant', 1782, 1931),
(2726, 'Pop fish', 1775, 1937),
(2727, 'Stage And Screen duck', 1738, 2006),
(2728, 'Electronic manatee', 1698, 1920),
(2729, 'Blues mole', 1621, 1968),
(2730, 'Pop elk', 1766, 1964),
(2731, 'Soul eel', 1832, 1924),
(2732, 'Soul elephant', 1673, 2008),
(2733, 'Classical crocodile', 1816, 1991),
(2734, 'Jazz bat', 1896, 2017),
(2735, 'Latin raven', 1630, 1942),
(2736, 'Reggae cod', 1870, 2002),
(2737, 'Funk toad', 1918, 1961),
(2738, 'Stage And Screen minnow', 1711, 1980),
(2739, 'Non Music grasshopper', 1607, 1990),
(2740, 'Folk scorpion', 1680, 1946),
(2741, 'Jazz mallard', 1694, 1974),
(2742, 'Non Music louse', 1826, 2013),
(2743, 'Electronic manatee', 1909, 1983),
(2744, 'Folk moose', 1743, 1969),
(2745, 'Pop serval', 1919, 1968),
(2746, 'Hip Hop moose', 1902, 1970),
(2747, 'Country seal', 1808, 1944),
(2748, 'Pop chinchilla', 1742, 1999),
(2749, 'Reggae wasp', 1789, 1970),
(2750, 'World guinea pig', 1821, 2014),
(2751, 'Country lizard', 1803, 1957),
(2752, 'Stage And Screen hippopotamus', 1717, 1938),
(2753, 'Classical buffalo', 1822, 1985),
(2754, 'Jazz fox', 1912, 1955),
(2755, 'Reggae wasp', 1883, 1920),
(2756, 'Jazz armadillo', 1764, 1949),
(2757, 'Rock hyena', 1638, 1930),
(2758, 'Rap mole', 1632, 1996),
(2759, 'Rap locust', 1880, 1945),
(2760, 'Reggae sardine', 1661, 2009),
(2761, 'Reggae salmon', 1882, 1985),
(2762, 'Classical sardine', 1828, 2003),
(2763, 'Pop mink', 1629, 1976),
(2764, 'Blues dolphin', 1831, 1926),
(2765, 'World chinchilla', 1753, 1975),
(2766, 'Latin squirrel', 1621, 1995),
(2767, 'Folk mammoth', 1908, 1930),
(2768, 'Pop wasp', 1886, 1937),
(2769, 'Jazz duck', 1737, 1947),
(2770, 'Funk jellyfish', 1705, 1957),
(2771, 'Electronic rat', 1856, 2000),
(2772, 'Rock raccoon', 1655, 1955),
(2773, 'Blues gnat', 1913, 1923),
(2774, 'Rap dolphin', 1595, 2002),
(2775, 'Rap walrus', 1922, 2005),
(2776, 'Non Music chinchilla', 1755, 1967),
(2777, 'Soul cockroach', 1755, 1928),
(2778, 'Hip Hop goat', 1854, 1979),
(2779, 'World platypus', 1898, 2018),
(2780, 'Reggae elk', 1901, 1975),
(2781, 'Jazz cicada', 1728, 1980),
(2782, 'Blues woodchuck', 1803, 1923),
(2783, 'Classical cricket', 1918, 2000),
(2784, 'Jazz hornet', 1895, 2003),
(2785, 'Blues coyote', 1869, 1934),
(2786, 'Non Music trout', 1806, 1943),
(2787, 'Folk dog', 1812, 1976),
(2788, 'Blues minnow', 1732, 1976),
(2789, 'Stage And Screen mouse', 1895, 1990),
(2790, 'Non Music hyena', 1667, 1952),
(2791, 'Rock serval', 1833, 1993),
(2792, 'Pop panda', 1637, 1945),
(2793, 'Folk seal', 1734, 2011),
(2794, 'Classical squirrel', 1772, 1998),
(2795, 'Folk alpaca', 1773, 1957),
(2796, 'Country leopard', 1632, 1932),
(2797, 'Country squirrel', 1880, 1967),
(2798, 'Electronic manatee', 1907, 1974),
(2799, 'Country hyena', 1750, 1939),
(2800, 'Rap sea lion', 1720, 2013),
(2801, 'Hip Hop cod', 1822, 1962),
(2802, 'Soul raccoon', 1850, 1920),
(2803, 'Jazz alligator', 1784, 1933),
(2804, 'Stage And Screen raven', 1585, 1920),
(2805, 'Blues leopard', 1695, 1925),
(2806, 'Stage And Screen oyster', 1772, 1928),
(2807, 'Electronic raccoon', 1695, 2011),
(2808, 'Funk cod', 1650, 1970),
(2809, 'Hip Hop goose', 1723, 1956),
(2810, 'Stage And Screen camel', 1631, 1928),
(2811, 'Rap louse', 1893, 2013),
(2812, 'Reggae chinchilla', 1637, 1928),
(2813, 'Non Music porpoise', 1828, 1939),
(2814, 'Non Music walrus', 1787, 1952),
(2815, 'Classical caribou', 1717, 1976),
(2816, 'Latin tiger', 1863, 2014),
(2817, 'Pop mammoth', 1760, 1987),
(2818, 'Reggae shark', 1619, 1967);

-- --------------------------------------------------------

--
-- Structură tabel pentru tabel `artists`
--

CREATE TABLE `artists` (
  `id` int(11) NOT NULL,
  `name` varchar(100) NOT NULL,
  `country` varchar(100) DEFAULT NULL
) ENGINE=InnoDB DEFAULT CHARSET=utf8mb4;

--
-- Eliminarea datelor din tabel `artists`
--

INSERT INTO `artists` (`id`, `name`, `country`) VALUES
(1585, 'Benedict Rempel III', 'Slovakia'),
(1586, 'Meta Trantow', 'Saudi Arabia'),
(1587, 'Mrs. Karl Larson', 'Maldives'),
(1588, 'Long Toy', 'Zambia'),
(1589, 'Jess Torphy DVM', 'Seychelles'),
(1590, 'Miss Nanci Rippin', 'Barbados'),
(1591, 'Hai Wehner', 'Nepal'),
(1592, 'Brad Predovic', 'Dominican Republic'),
(1593, 'Daryl Davis', 'Indonesia'),
(1594, 'Gudrun Mueller', 'Kyrgyzstan'),
(1595, 'Ms. Johnson Carter', 'Iraq'),
(1596, 'Ike Leannon', 'Ecuador'),
(1597, 'Ms. Lynna Jaskolski', 'Cabo Verde'),
(1598, 'Noe Grant III', 'Romania'),
(1599, 'Mario Reinger', 'Ireland'),
(1600, 'Soila Friesen', 'Pakistan'),
(1601, 'Ophelia Jenkins', 'Eswatini'),
(1602, 'Mercedez Muller', 'Korea, Republic of'),
(1603, 'Johnathon Boyle', 'Sao Tome and Principe'),
(1604, 'Demetrius Streich', 'Montenegro'),
(1605, 'Silas Goyette', 'Saint Kitts and Nevis'),
(1606, 'Taunya Macejkovic', 'Slovakia'),
(1607, 'Marcel Hansen', 'Botswana'),
(1608, 'Garry Effertz', 'Qatar'),
(1609, 'Rosalba Kshlerin', 'Suriname'),
(1610, 'Jesusa Konopelski II', 'Gabon'),
(1611, 'Quiana Koch', 'Bolivia (Plurinational State of)'),
(1612, 'King Cummerata', 'Peru'),
(1613, 'Bebe Schumm', 'Spain'),
(1614, 'Jamie Carroll', 'Qatar'),
(1615, 'Rusty Nienow', 'Fiji'),
(1616, 'Oma Hoppe', 'Maldives'),
(1617, 'Mr. Al Mueller', 'Latvia'),
(1618, 'Ms. Grace McGlynn', 'Bahamas'),
(1619, 'Kayleen Ondricka Sr.', 'Nigeria'),
(1620, 'Harold Bergstrom', 'Tanzania, United Republic of'),
(1621, 'Mr. Owen Carter', 'Zimbabwe'),
(1622, 'Mr. Bertram Stamm', 'Mauritania'),
(1623, 'Alvaro Johns', 'San Marino'),
(1624, 'Maira Barrows', 'Korea, Republic of'),
(1625, 'Alida Effertz', 'Ethiopia'),
(1626, 'Lisandra Hessel', 'Tunisia'),
(1627, 'Herb Langosh', 'Japan'),
(1628, 'Rasheeda Prohaska MD', 'Tanzania, United Republic of'),
(1629, 'Miss Anton Kirlin', 'Liechtenstein'),
(1630, 'France Price', 'Latvia'),
(1631, 'Isreal Walker', 'El Salvador'),
(1632, 'Mr. Wilbert Barrows', 'Micronesia (Federated States of)'),
(1633, 'Filiberto Gerlach', 'Barbados'),
(1634, 'Alexander Koss', 'Congo'),
(1635, 'Irving Gulgowski V', 'Brunei Darussalam'),
(1636, 'Sharon Stokes', 'Mongolia'),
(1637, 'Gretta Harber III', 'New Zealand'),
(1638, 'Soila Keeling', 'Bahamas'),
(1639, 'Mr. Caroyln DuBuque', 'Maldives'),
(1640, 'Ivory Hansen', 'Kazakhstan'),
(1641, 'Jodie Koss I', 'Germany'),
(1642, 'Etsuko Little', 'South Sudan'),
(1643, 'Sammie Lebsack', 'Poland'),
(1644, 'Erik Huel', 'Marshall Islands'),
(1645, 'Ayanna Pfeffer Sr.', 'Kiribati'),
(1646, 'Ehtel Ortiz', 'Burkina Faso'),
(1647, 'Roseanne MacGyver', 'Slovakia'),
(1648, 'Anya Leuschke', 'Venezuela (Bolivarian Republic of)'),
(1649, 'Linwood Romaguera', 'Bangladesh'),
(1650, 'Treena Goldner', 'Paraguay'),
(1651, 'Lura Wolf Sr.', 'Lithuania'),
(1652, 'Amina White IV', 'Lesotho'),
(1653, 'Jefferson Torp Sr.', 'Ethiopia'),
(1654, 'Mr. Priscilla Lueilwitz', 'Egypt'),
(1655, 'Colleen Stroman', 'Botswana'),
(1656, 'Ms. Cortez Maggio', 'Saint Kitts and Nevis'),
(1657, 'Ella Legros', 'Burundi'),
(1658, 'Josefina Will', 'Angola'),
(1659, 'Hosea Goyette MD', 'Tunisia'),
(1660, 'Stacy Bogan III', 'Mauritania'),
(1661, 'Joan Dickinson', 'Rwanda'),
(1662, 'Shantae Roberts', 'Namibia'),
(1663, 'Shannon Hoppe', 'Colombia'),
(1664, 'Clifton Labadie', 'Syrian Arab Republic'),
(1665, 'Raelene Turner IV', 'Saudi Arabia'),
(1666, 'Mrs. Manuel Trantow', 'Russian Federation'),
(1667, 'Mr. Tess Romaguera', 'Grenada'),
(1668, 'Miguel Kuhic', 'Congo'),
(1669, 'Colby Pfeffer', 'Oman'),
(1670, 'Wally Olson', 'Serbia'),
(1671, 'Stacey Moen', 'Philippines'),
(1672, 'Esta Huels', 'Palau'),
(1673, 'Vi Stark Sr.', 'France'),
(1674, 'Dr. Bea Koepp', 'Vanuatu'),
(1675, 'Jarvis Kunde IV', 'Oman'),
(1676, 'Moises Witting', 'Uganda'),
(1677, 'Chang Daugherty DDS', 'Hungary'),
(1678, 'Roy Mitchell', 'Portugal'),
(1679, 'Rosalia MacGyver', 'Croatia'),
(1680, 'Bruce Beahan', 'Macedonia, the former Yugoslav Republic of'),
(1681, 'Ha Franecki', 'Guinea'),
(1682, 'Niesha Aufderhar MD', 'Brazil'),
(1683, 'Ozzie Koch', 'Belize'),
(1684, 'Elias Zemlak Sr.', 'Gabon'),
(1685, 'Aubrey Graham', 'Andorra'),
(1686, 'Dr. Tijuana Legros', 'Costa Rica'),
(1687, 'Katharina Larkin', 'Germany'),
(1688, 'Dr. Rachael Schroeder', 'Jamaica'),
(1689, 'Herman Rippin', 'Cameroon'),
(1690, 'Eusebio Sanford', 'Tuvalu'),
(1691, 'Elly Emard', 'Nauru'),
(1692, 'Dane Kemmer', 'China'),
(1693, 'Cindi Romaguera', 'Turkmenistan'),
(1694, 'Nydia Thiel', 'Netherlands'),
(1695, 'Alexa Hand', 'Uzbekistan'),
(1696, 'Mrs. Myron Pfannerstill', 'China'),
(1697, 'Ms. Jacelyn McClure', 'Argentina'),
(1698, 'Dr. Rory Armstrong', 'Lebanon'),
(1699, 'Becky Wiza DVM', 'Israel'),
(1700, 'Leslie Crooks', 'Japan'),
(1701, 'Lou Stokes I', 'Cabo Verde'),
(1702, 'Pearl Shanahan MD', 'Morocco'),
(1703, 'Emelina Runolfsdottir', 'Nigeria'),
(1704, 'Melonie Beahan V', 'Kuwait'),
(1705, 'Bobbye Bode', 'Liberia'),
(1706, 'Scottie Weimann PhD', 'Guinea-Bissau'),
(1707, 'Harold Becker', 'Algeria'),
(1708, 'Ms. Isabell DuBuque', 'Saint Kitts and Nevis'),
(1709, 'Awilda Watsica PhD', 'Mali'),
(1710, 'Alonso Tillman', 'Austria'),
(1711, 'Mrs. Raleigh Gorczany', 'Mozambique'),
(1712, 'Adela Predovic DVM', 'Bangladesh'),
(1713, 'Annita Veum IV', 'Greece'),
(1714, 'Lavonne Emmerich V', 'Guinea'),
(1715, 'Lorriane Kiehn', 'South Sudan'),
(1716, 'Bree Altenwerth', 'Serbia'),
(1717, 'Sterling VonRueden', 'Iran (Islamic Republic of)'),
(1718, 'Ashly Reichert', 'Cuba'),
(1719, 'Ms. Gail Kirlin', 'Ghana'),
(1720, 'Lazaro Fisher', 'Mauritania'),
(1721, 'Ruben Will', 'Hungary'),
(1722, 'Carlota Walsh', 'Montenegro'),
(1723, 'Marge Klein', 'Italy'),
(1724, 'Lamar Swaniawski', 'Thailand'),
(1725, 'Adolfo Lowe', 'Morocco'),
(1726, 'Dylan Grimes', 'Haiti'),
(1727, 'Karey Simonis', 'Mauritania'),
(1728, 'Hildegard Gutkowski', 'Malaysia'),
(1729, 'Kristan Stoltenberg', 'Italy'),
(1730, 'Carey VonRueden', 'Cyprus'),
(1731, 'Jillian Jacobs', 'Belize'),
(1732, 'Mr. Lionel Pacocha', 'Switzerland'),
(1733, 'Mr. Teddy Thompson', 'Philippines'),
(1734, 'Denisse Kuhic', 'Israel'),
(1735, 'Brock West III', 'Algeria'),
(1736, 'Adele Heaney V', 'Macedonia, the former Yugoslav Republic of'),
(1737, 'Erick DuBuque', 'Zambia'),
(1738, 'Prince Jerde', 'Libya'),
(1739, 'Kemberly Marvin', 'Czechia'),
(1740, 'Josh Cremin II', 'Bulgaria'),
(1741, 'Mrs. Nolan Considine', 'Vanuatu'),
(1742, 'Florencio Bogan', 'Rwanda'),
(1743, 'Shavon Skiles I', 'Senegal'),
(1744, 'Miss Anthony Osinski', 'Tajikistan'),
(1745, 'Avery Frami', 'Gabon'),
(1746, 'Dr. Iva Leannon', 'Korea, Republic of'),
(1747, 'Elbert Carroll IV', 'Saint Kitts and Nevis'),
(1748, 'Numbers Bergnaum', 'New Zealand'),
(1749, 'Son Sawayn', 'Bosnia and Herzegovina'),
(1750, 'Ms. Thad VonRueden', 'Poland'),
(1751, 'Letitia Wintheiser MD', 'Liberia'),
(1752, 'Oliva Ledner', 'Montenegro'),
(1753, 'Tad Jerde', 'Singapore'),
(1754, 'Milton Carroll', 'Palau'),
(1755, 'Ludie Skiles', 'Hungary'),
(1756, 'Wilburn Kunze PhD', 'Estonia'),
(1757, 'Osvaldo Schuster', 'Peru'),
(1758, 'Rachele Mann V', 'Singapore'),
(1759, 'Stewart Ullrich', 'Bahrain'),
(1760, 'Cherry McGlynn Jr.', 'Equatorial Guinea'),
(1761, 'Emery Runolfsdottir PhD', 'Morocco'),
(1762, 'Eloy Sauer', 'Mauritania'),
(1763, 'Thurman Frami', 'Maldives'),
(1764, 'Stacy Rempel', 'Comoros'),
(1765, 'Dori Turcotte', 'Montenegro'),
(1766, 'Fausto Ziemann', 'Tunisia'),
(1767, 'Garret Hayes', 'Timor-Leste'),
(1768, 'Ryan Feest', 'South Sudan'),
(1769, 'Mitch Lang', 'Colombia'),
(1770, 'Elois Connelly III', 'Bahamas'),
(1771, 'Corene Jacobson V', 'Micronesia (Federated States of)'),
(1772, 'Iola Gibson', 'Tunisia'),
(1773, 'Pamelia Erdman', 'Guyana'),
(1774, 'Timmy Considine', 'Romania'),
(1775, 'Lisette Bahringer', 'Mauritania'),
(1776, 'Kirby Kautzer II', 'Argentina'),
(1777, 'Carey Beier', 'Kenya'),
(1778, 'Eleonora Mayert', 'Myanmar'),
(1779, 'Ms. Harley Schamberger', 'Belgium'),
(1780, 'Aron Rohan', 'Sri Lanka'),
(1781, 'Odell Stiedemann', 'Andorra'),
(1782, 'Irina Hintz I', 'Venezuela (Bolivarian Republic of)'),
(1783, 'Alfredo Bailey', 'Gabon'),
(1784, 'Ralph Dooley II', 'New Zealand'),
(1785, 'Miriam Schroeder', 'Togo'),
(1786, 'Stacy Leffler', 'Singapore'),
(1787, 'Meghann Gaylord', 'Nepal'),
(1788, 'Jonelle Smitham', 'Nauru'),
(1789, 'Lane Boyer', 'Liechtenstein'),
(1790, 'Ralph Bailey', 'Sudan'),
(1791, 'Dewitt Wilderman', 'Norway'),
(1792, 'Nova Wehner', 'Tunisia'),
(1793, 'Mr. Adriana Kerluke', 'Ireland'),
(1794, 'Garfield Osinski Jr.', 'Italy'),
(1795, 'Dr. Edward Treutel', 'Turkmenistan'),
(1796, 'Pat Bednar I', 'Moldova, Republic of'),
(1797, 'Oren Trantow I', 'Peru'),
(1798, 'Ms. Gertrudis Cronin', 'Sao Tome and Principe'),
(1799, 'Mr. Kyla Hansen', 'Ukraine'),
(1800, 'Georgeanna Braun', 'Malaysia'),
(1801, 'Ramon Robel', 'Albania'),
(1802, 'Lyle Bosco', 'Burkina Faso'),
(1803, 'Venice Conroy', 'Comoros'),
(1804, 'Refugio Erdman', 'Georgia'),
(1805, 'Vi Wehner', 'San Marino'),
(1806, 'Ria Morissette', 'Russian Federation'),
(1807, 'Karon Heller', 'Angola'),
(1808, 'Geoffrey Johns', 'Nigeria'),
(1809, 'Emely Hodkiewicz DDS', 'Morocco'),
(1810, 'Corina Wintheiser', 'France'),
(1811, 'David Boehm', 'Angola'),
(1812, 'Otis Kling', 'Bahamas'),
(1813, 'Douglass Windler PhD', 'Sao Tome and Principe'),
(1814, 'Marya Marks', 'Bahamas'),
(1815, 'Alton Mosciski', 'Cyprus'),
(1816, 'Antonio Wilkinson V', 'Angola'),
(1817, 'Erin Cronin DVM', 'Kuwait'),
(1818, 'Nicky Gorczany', 'Chile'),
(1819, 'Royce Beier PhD', 'Algeria'),
(1820, 'Robby Kuvalis', 'Cameroon'),
(1821, 'Jules Friesen I', 'Congo, Democratic Republic of the'),
(1822, 'Kesha Franecki', 'Kenya'),
(1823, 'Santos Conroy', 'Brazil'),
(1824, 'Barbar Gusikowski', 'Congo'),
(1825, 'Donnie McClure', 'Papua New Guinea'),
(1826, 'Antoine Metz', 'Morocco'),
(1827, 'Miss Desmond Olson', 'Guyana'),
(1828, 'Kimberly Schumm III', 'Montenegro'),
(1829, 'Asley Cartwright', 'Tunisia'),
(1830, 'Maryetta Wisoky', 'Mozambique'),
(1831, 'Latonya Maggio', 'Kuwait'),
(1832, 'Arnoldo Rice', 'Zimbabwe'),
(1833, 'Rico Rutherford', 'Montenegro'),
(1834, 'Miss Krishna Rosenbaum', 'Iceland'),
(1835, 'Mr. Lance Hammes', 'Czechia'),
(1836, 'Virgen Kunde', 'Palau'),
(1837, 'Paige Walter', 'Malaysia'),
(1838, 'Sharolyn Wolff', 'Tuvalu'),
(1839, 'Saran Weber', 'El Salvador'),
(1840, 'Darrel Wiegand', 'Iran (Islamic Republic of)'),
(1841, 'Hubert Lehner', 'Cambodia'),
(1842, 'Ms. Lenna Cronin', 'Syrian Arab Republic'),
(1843, 'Un Crooks', 'Dominican Republic'),
(1844, 'Marcelino Prosacco', 'Saint Kitts and Nevis'),
(1845, 'Alphonse Krajcik', 'Bolivia (Plurinational State of)'),
(1846, 'Mason Doyle', 'Uganda'),
(1847, 'Nydia Kemmer', 'Jamaica'),
(1848, 'Dennis Bauch', 'Bulgaria'),
(1849, 'Dr. Erick Hudson', 'New Zealand'),
(1850, 'Rachell Bartoletti', 'Saudi Arabia'),
(1851, 'Cara Hilll', 'Niger'),
(1852, 'Jewel Heller', 'Spain'),
(1853, 'Nicky Hauck', 'Niger'),
(1854, 'Teisha Bartell', 'Chad'),
(1855, 'Ricardo Dare', 'Tanzania, United Republic of'),
(1856, 'Rose Aufderhar', 'Azerbaijan'),
(1857, 'Mr. Trevor Aufderhar', 'Botswana'),
(1858, 'Candice Metz', 'Portugal'),
(1859, 'Sandy Padberg', 'Sierra Leone'),
(1860, 'Donnie Berge', 'Micronesia (Federated States of)'),
(1861, 'Gregorio Frami II', 'Cabo Verde'),
(1862, 'Mrs. Orlando Carter', 'Eswatini'),
(1863, 'Pearl Gleason MD', 'Kazakhstan'),
(1864, 'Luigi Hoppe', 'Saint Kitts and Nevis'),
(1865, 'Freddy Stiedemann MD', 'Kuwait'),
(1866, 'Dr. Mark Larson', 'Gambia'),
(1867, 'Francisca Bergstrom', 'Sri Lanka'),
(1868, 'Judith Johnston', 'Saint Lucia'),
(1869, 'Renita Marvin', 'Cabo Verde'),
(1870, 'Jc Bahringer', 'Costa Rica'),
(1871, 'Jewel Beahan', 'Iceland'),
(1872, 'Candelaria Lang II', 'Venezuela (Bolivarian Republic of)'),
(1873, 'Hubert Cruickshank', 'Yemen'),
(1874, 'Elden Zieme', 'Djibouti'),
(1875, 'Hiram Schumm', 'Marshall Islands'),
(1876, 'Theron Hessel', 'Mauritania'),
(1877, 'Britney Ortiz', 'Nigeria'),
(1878, 'Dr. Clemente Barrows', 'Comoros'),
(1879, 'Jaye Bartell', 'Botswana'),
(1880, 'Kam Cormier', 'Myanmar'),
(1881, 'Rudy Renner', 'Lesotho'),
(1882, 'Mrs. Dante Rogahn', 'Ireland'),
(1883, 'Bethann McLaughlin', 'Netherlands'),
(1884, 'Arnette Blanda', 'Vanuatu'),
(1885, 'Francis Harber', 'Antigua and Barbuda'),
(1886, 'Micheal Kulas', 'Angola'),
(1887, 'Major Stokes', 'Brazil'),
(1888, 'Mr. Elden Von', 'Guyana'),
(1889, 'Dr. Hyman Hermann', 'Italy'),
(1890, 'Caryn Douglas', 'Kyrgyzstan'),
(1891, 'Tegan Waters MD', 'Comoros'),
(1892, 'Rena Tremblay III', 'Venezuela (Bolivarian Republic of)'),
(1893, 'Leonarda Champlin', 'Syrian Arab Republic'),
(1894, 'Deneen Becker', 'Viet Nam'),
(1895, 'Ms. Amos Witting', 'Liechtenstein'),
(1896, 'Yolonda Bartoletti', 'Ireland'),
(1897, 'Walter Reynolds', 'Honduras'),
(1898, 'Leta Pollich', 'Indonesia'),
(1899, 'Wm Mayer', 'Cuba'),
(1900, 'Henrietta Nienow', 'Equatorial Guinea'),
(1901, 'Seth Larson II', 'Tuvalu'),
(1902, 'Dr. Refugio Shanahan', 'Egypt'),
(1903, 'Buster Grant', 'Kenya'),
(1904, 'Miss Anamaria Harber', 'Micronesia (Federated States of)'),
(1905, 'Royal Konopelski', 'South Africa'),
(1906, 'Jae Huel', 'Mongolia'),
(1907, 'Alla Ratke', 'Syrian Arab Republic'),
(1908, 'Lane Hoeger', 'Bosnia and Herzegovina'),
(1909, 'Virgie Metz', 'Nepal'),
(1910, 'Kam Rice', 'Namibia'),
(1911, 'Ethelene Braun', 'Hungary'),
(1912, 'Kelly Reichert', 'Gambia'),
(1913, 'Gail Adams', 'Algeria'),
(1914, 'Crystle Daniel II', 'Congo'),
(1915, 'Bridgett Torp', 'Myanmar'),
(1916, 'Kristina Wisoky', 'Guinea-Bissau'),
(1917, 'Dominic Dibbert', 'Iran (Islamic Republic of)'),
(1918, 'Elliot Von', 'Iraq'),
(1919, 'Trey Schumm', 'Niger'),
(1920, 'Ms. Donnie Gleason', 'Tanzania, United Republic of'),
(1921, 'Kurtis Stiedemann', 'Monaco'),
(1922, 'Albina Watsica III', 'France'),
(1923, 'Crystle Bechtelar', 'Australia'),
(1924, 'Cary Tremblay', 'Armenia');

-- --------------------------------------------------------

--
-- Structură tabel pentru tabel `charts`
--

CREATE TABLE `charts` (
  `id` int(11) NOT NULL,
  `title` varchar(40) DEFAULT NULL
) ENGINE=InnoDB DEFAULT CHARSET=utf8mb4;

--
-- Eliminarea datelor din tabel `charts`
--

INSERT INTO `charts` (`id`, `title`) VALUES
(170, 'top Abra'),
(101, 'top Alakazam'),
(115, 'top Arbok'),
(137, 'top Arcanine'),
(106, 'top Beedrill'),
(107, 'top Blastoise'),
(204, 'top Butterfree'),
(157, 'top Chansey'),
(148, 'top Charizard'),
(214, 'top Charmander'),
(165, 'top Cloyster'),
(188, 'top Dewgong'),
(119, 'top Ditto'),
(103, 'top Dodrio'),
(156, 'top Dragonair'),
(110, 'top Dragonite'),
(183, 'top Dratini'),
(186, 'top Drowzee'),
(108, 'top Dugtrio'),
(191, 'top Eevee'),
(205, 'top Electabuzz'),
(152, 'top Exeggcute'),
(213, 'top Fearow'),
(113, 'top Flareon'),
(134, 'top Gastly'),
(221, 'top Gengar'),
(114, 'top Geodude'),
(216, 'top Golbat'),
(97, 'top Golduck'),
(102, 'top Grimer'),
(154, 'top Hitmonchan'),
(98, 'top Hitmonlee'),
(140, 'top Horsea'),
(145, 'top Ivysaur'),
(176, 'top Jolteon'),
(196, 'top Jynx'),
(109, 'top Kabutops'),
(124, 'top Kakuna'),
(179, 'top Kangaskhan'),
(189, 'top Kingler'),
(149, 'top Koffing'),
(117, 'top Krabby'),
(153, 'top Lapras'),
(160, 'top Machop'),
(150, 'top Magnemite'),
(105, 'top Marowak'),
(161, 'top Mew'),
(104, 'top Mewtwo'),
(159, 'top Moltres'),
(177, 'top Mr. Mime'),
(146, 'top Nidoking'),
(207, 'top Nidoran'),
(167, 'top Nidorina'),
(147, 'top Nidorino'),
(162, 'top Ninetales'),
(197, 'top Omanyte'),
(122, 'top Omastar'),
(118, 'top Paras'),
(195, 'top Pidgeot'),
(222, 'top Pidgeotto'),
(180, 'top Pinsir'),
(158, 'top Poliwag'),
(136, 'top Poliwhirl'),
(175, 'top Ponyta'),
(100, 'top Porygon'),
(121, 'top Primeape'),
(218, 'top Psyduck'),
(203, 'top Raichu'),
(184, 'top Rapidash'),
(116, 'top Rattata'),
(192, 'top Sandshrew'),
(141, 'top Sandslash'),
(143, 'top Seaking'),
(112, 'top Seel'),
(174, 'top Snorlax'),
(187, 'top Staryu'),
(142, 'top Tangela'),
(128, 'top Tentacool'),
(111, 'top Vaporeon'),
(193, 'top Venonat'),
(133, 'top Victreebel'),
(138, 'top Vulpix'),
(185, 'top Wartortle'),
(209, 'top Weedle'),
(125, 'top Wigglytuff');

-- --------------------------------------------------------

--
-- Structură tabel pentru tabel `chart_record`
--

CREATE TABLE `chart_record` (
  `id` int(11) NOT NULL,
  `chart_id` int(11) DEFAULT NULL,
  `rank` int(5) DEFAULT NULL,
  `album_id` int(11) DEFAULT NULL
) ENGINE=InnoDB DEFAULT CHARSET=utf8mb4;

--
-- Eliminarea datelor din tabel `chart_record`
--

INSERT INTO `chart_record` (`id`, `chart_id`, `rank`, `album_id`) VALUES
(755, 97, 2081, 1600),
(756, 97, 3328, 1526),
(757, 97, 1014, 1577),
(758, 97, 3500, 1560),
(759, 97, 7476, 1531),
(760, 98, 4264, 1551),
(761, 98, 380, 1587),
(762, 98, 1395, 1553),
(763, 98, 9880, 1604),
(764, 98, 3275, 1545),
(765, 100, 1967, 1542),
(766, 100, 4355, 1591),
(767, 100, 5266, 1580),
(768, 100, 1053, 1590),
(769, 100, 1614, 1525),
(770, 101, 2836, 1570),
(771, 101, 987, 1582),
(772, 101, 3693, 1556),
(773, 101, 2791, 1582),
(774, 101, 7321, 1601),
(775, 102, 9790, 1602),
(776, 102, 8158, 1562),
(777, 102, 599, 1575),
(778, 102, 6023, 1600),
(779, 102, 7218, 1562),
(780, 103, 6080, 1576),
(781, 103, 856, 1545),
(782, 103, 4305, 1580),
(783, 103, 4752, 1534),
(784, 103, 6113, 1544),
(785, 104, 4377, 1553),
(786, 104, 8741, 1534),
(787, 104, 3191, 1526),
(788, 104, 6479, 1572),
(789, 104, 7178, 1549),
(790, 105, 7014, 1550),
(791, 105, 8655, 1599),
(792, 105, 1167, 1525),
(793, 105, 3923, 1618),
(794, 105, 8107, 1528),
(795, 106, 2789, 1591),
(796, 106, 4530, 1607),
(797, 106, 9208, 1528),
(798, 106, 6683, 1546),
(799, 106, 1719, 1519),
(800, 107, 3663, 1687),
(801, 107, 2865, 1681),
(802, 107, 1113, 1627),
(803, 107, 9778, 1537),
(804, 107, 6607, 1547),
(805, 107, 8099, 1627),
(806, 107, 584, 1682),
(807, 107, 1633, 1572),
(808, 107, 7874, 1579),
(809, 107, 2142, 1709),
(810, 108, 9113, 1702),
(811, 108, 2806, 1528),
(812, 108, 4951, 1591),
(813, 108, 6888, 1564),
(814, 108, 1348, 1526),
(815, 108, 877, 1562),
(816, 108, 6737, 1582),
(817, 108, 3467, 1571),
(818, 108, 4394, 1632),
(819, 108, 7192, 1603),
(820, 109, 4770, 1531),
(821, 109, 9867, 1557),
(822, 109, 9861, 1596),
(823, 109, 9065, 1709),
(824, 109, 6513, 1570),
(825, 109, 8107, 1532),
(826, 109, 6276, 1589),
(827, 109, 2898, 1557),
(828, 109, 1590, 1702),
(829, 109, 7897, 1608),
(830, 110, 8090, 1604),
(831, 110, 1887, 1571),
(832, 110, 2299, 1592),
(833, 110, 6256, 1527),
(834, 110, 7469, 1549),
(835, 110, 5082, 1699),
(836, 110, 8258, 1668),
(837, 110, 8981, 1711),
(838, 110, 773, 1714),
(839, 110, 698, 1542),
(840, 111, 3439, 1607),
(841, 111, 5173, 1641),
(842, 111, 9150, 1662),
(843, 111, 1774, 1563),
(844, 111, 6176, 1535),
(845, 111, 5348, 1525),
(846, 111, 9732, 1570),
(847, 111, 3122, 1663),
(848, 111, 6047, 1582),
(849, 111, 47, 1541),
(850, 112, 7681, 1639),
(851, 112, 3589, 1616),
(852, 112, 5440, 1674),
(853, 112, 5255, 1654),
(854, 112, 1732, 1540),
(855, 112, 3839, 1610),
(856, 112, 2323, 1597),
(857, 112, 5446, 1637),
(858, 112, 8281, 1596),
(859, 112, 1715, 1703),
(860, 113, 2737, 1633),
(861, 113, 6412, 1670),
(862, 113, 5938, 1619),
(863, 113, 1753, 1677),
(864, 113, 7745, 1677),
(865, 113, 5993, 1713),
(866, 113, 9315, 1606),
(867, 113, 8777, 1541),
(868, 113, 4215, 1598),
(869, 113, 624, 1637),
(870, 114, 3447, 1544),
(871, 114, 6031, 1619),
(872, 114, 9356, 1629),
(873, 114, 6188, 1556),
(874, 114, 4986, 1557),
(875, 114, 9563, 1519),
(876, 114, 6255, 1616),
(877, 114, 8276, 1715),
(878, 114, 3060, 1682),
(879, 114, 8166, 1526),
(880, 115, 8556, 1711),
(881, 115, 3050, 1522),
(882, 115, 6251, 1566),
(883, 115, 7889, 1529),
(884, 115, 2374, 1547),
(885, 115, 4426, 1519),
(886, 115, 4596, 1595),
(887, 115, 554, 1707),
(888, 115, 4885, 1604),
(889, 115, 9097, 1569),
(890, 116, 911, 1573),
(891, 116, 1909, 1600),
(892, 116, 2090, 1658),
(893, 116, 9387, 1537),
(894, 116, 4816, 1718),
(895, 116, 8149, 1702),
(896, 116, 9023, 1647),
(897, 116, 244, 1688),
(898, 116, 8350, 1672),
(899, 116, 565, 1630),
(900, 117, 7754, 1648),
(901, 117, 7086, 1671),
(902, 117, 846, 1578),
(903, 117, 7335, 1632),
(904, 117, 5776, 1696),
(905, 117, 3129, 1739),
(906, 117, 5076, 1678),
(907, 117, 5943, 1777),
(908, 117, 3228, 1620),
(909, 117, 220, 1739),
(910, 118, 1021, 1545),
(911, 118, 3012, 1738),
(912, 118, 3861, 1556),
(913, 118, 8945, 1627),
(914, 118, 5470, 1757),
(915, 118, 768, 1579),
(916, 118, 9362, 1641),
(917, 118, 6104, 1583),
(918, 118, 8919, 1527),
(919, 118, 7024, 1557),
(920, 119, 708, 1527),
(921, 119, 1453, 1754),
(922, 119, 5810, 1682),
(923, 119, 7585, 1704),
(924, 119, 2376, 1564),
(925, 119, 5527, 1663),
(926, 119, 6820, 1520),
(927, 119, 5353, 1553),
(928, 119, 9182, 1520),
(929, 119, 2091, 1814),
(930, 121, 7633, 1806),
(931, 121, 4740, 1527),
(932, 121, 2079, 1616),
(933, 121, 1494, 1587),
(934, 121, 3298, 1756),
(935, 121, 7340, 1769),
(936, 121, 4865, 1667),
(937, 121, 2401, 1565),
(938, 121, 8973, 1564),
(939, 121, 8281, 1669),
(940, 122, 9117, 1635),
(941, 122, 1864, 1742),
(942, 122, 6925, 1547),
(943, 122, 7164, 1792),
(944, 122, 6980, 1551),
(945, 122, 2400, 1677),
(946, 122, 372, 1807),
(947, 122, 9720, 1727),
(948, 122, 2842, 1702),
(949, 122, 6487, 1620),
(950, 124, 829, 1737),
(951, 124, 1038, 1637),
(952, 124, 3033, 1734),
(953, 124, 3859, 1711),
(954, 124, 5674, 1538),
(955, 124, 2361, 1722),
(956, 124, 2262, 1586),
(957, 124, 602, 1519),
(958, 124, 9732, 1616),
(959, 124, 9859, 1677),
(960, 125, 5749, 1557),
(961, 125, 3738, 1545),
(962, 125, 8385, 1654),
(963, 125, 7084, 1682),
(964, 125, 5023, 1537),
(965, 125, 109, 1719),
(966, 125, 9825, 1640),
(967, 125, 140, 1690),
(968, 125, 2666, 1790),
(969, 125, 7218, 1542),
(970, 128, 9516, 1543),
(971, 128, 1690, 1719),
(972, 128, 5345, 1852),
(973, 128, 4589, 1849),
(974, 128, 6441, 1645),
(975, 128, 5378, 1536),
(976, 128, 4939, 1873),
(977, 128, 8952, 1682),
(978, 128, 3115, 1666),
(979, 128, 9230, 1657),
(980, 133, 4032, 1899),
(981, 133, 7450, 1798),
(982, 133, 8494, 1815),
(983, 133, 2472, 1770),
(984, 133, 260, 1598),
(985, 133, 61, 1832),
(986, 133, 4238, 1918),
(987, 133, 2142, 1723),
(988, 133, 4062, 1839),
(989, 133, 903, 1617),
(990, 134, 3161, 1852),
(991, 134, 8096, 1530),
(992, 134, 9438, 1537),
(993, 134, 6654, 1753),
(994, 134, 2585, 1874),
(995, 134, 168, 1589),
(996, 134, 8253, 1705),
(997, 134, 3329, 1563),
(998, 134, 3726, 1657),
(999, 134, 555, 1584),
(1000, 136, 3928, 1589),
(1001, 136, 4095, 1777),
(1002, 136, 462, 1785),
(1003, 136, 9301, 1550),
(1004, 136, 7808, 1902),
(1005, 136, 5640, 1605),
(1006, 136, 4751, 1657),
(1007, 136, 7509, 1649),
(1008, 136, 3384, 1660),
(1009, 136, 5671, 1712),
(1010, 137, 3630, 1655),
(1011, 137, 5275, 1776),
(1012, 137, 6297, 1562),
(1013, 137, 757, 1963),
(1014, 137, 9611, 1920),
(1015, 137, 5853, 1728),
(1016, 137, 7827, 1877),
(1017, 137, 1550, 1851),
(1018, 137, 9010, 1693),
(1019, 137, 8862, 1571),
(1020, 138, 5019, 1725),
(1021, 138, 1341, 1791),
(1022, 138, 9637, 1853),
(1023, 138, 9857, 1611),
(1024, 138, 8874, 1542),
(1025, 138, 7925, 2015),
(1026, 138, 3218, 1656),
(1027, 138, 414, 1805),
(1028, 138, 4550, 1735),
(1029, 138, 5044, 1713),
(1030, 140, 3119, 1928),
(1031, 140, 1356, 1900),
(1032, 140, 4371, 1528),
(1033, 140, 6865, 1580),
(1034, 140, 3521, 1519),
(1035, 140, 522, 1562),
(1036, 140, 1128, 1891),
(1037, 140, 3311, 1647),
(1038, 140, 9301, 2007),
(1039, 140, 5783, 1527),
(1040, 141, 2912, 1686),
(1041, 141, 1904, 1844),
(1042, 141, 6501, 1612),
(1043, 141, 6719, 1997),
(1044, 141, 7683, 1735),
(1045, 141, 2317, 1933),
(1046, 141, 8485, 1977),
(1047, 141, 5113, 1968),
(1048, 141, 879, 1912),
(1049, 141, 5959, 1885),
(1050, 142, 4733, 1833),
(1051, 142, 9417, 1627),
(1052, 142, 4100, 1627),
(1053, 142, 9126, 1897),
(1054, 142, 1593, 1857),
(1055, 142, 9559, 1976),
(1056, 142, 4602, 1604),
(1057, 142, 8262, 1789),
(1058, 142, 1144, 1712),
(1059, 142, 8101, 1752),
(1060, 143, 178, 1955),
(1061, 143, 3326, 1993),
(1062, 143, 4135, 1695),
(1063, 143, 5862, 1869),
(1064, 143, 4430, 1814),
(1065, 143, 8861, 1931),
(1066, 143, 5458, 1956),
(1067, 143, 9452, 1655),
(1068, 143, 4969, 1726),
(1069, 143, 6939, 1669),
(1070, 145, 9636, 1789),
(1071, 145, 6430, 1586),
(1072, 145, 7114, 1938),
(1073, 145, 302, 1582),
(1074, 145, 3094, 1521),
(1075, 145, 6401, 1698),
(1076, 145, 9213, 1777),
(1077, 145, 5625, 1536),
(1078, 145, 5827, 1558),
(1079, 145, 6636, 1604),
(1080, 146, 9439, 1719),
(1081, 146, 1658, 1660),
(1082, 146, 477, 1557),
(1083, 146, 7207, 1832),
(1084, 146, 1317, 1850),
(1085, 146, 2858, 1865),
(1086, 146, 7892, 1805),
(1087, 146, 5511, 1984),
(1088, 146, 5177, 1735),
(1089, 146, 8976, 1686),
(1090, 147, 4939, 1967),
(1091, 147, 7047, 1980),
(1092, 147, 1280, 1940),
(1093, 147, 1820, 2072),
(1094, 147, 7624, 1659),
(1095, 147, 2788, 2113),
(1096, 147, 2313, 1969),
(1097, 147, 3771, 1605),
(1098, 147, 6322, 1670),
(1099, 147, 6102, 1582),
(1100, 148, 6521, 1722),
(1101, 148, 5865, 1839),
(1102, 148, 6129, 1745),
(1103, 148, 8722, 2103),
(1104, 148, 2003, 1851),
(1105, 148, 8417, 1997),
(1106, 148, 8645, 1551),
(1107, 148, 7738, 1663),
(1108, 148, 9452, 1966),
(1109, 148, 8466, 1781),
(1110, 149, 503, 1896),
(1111, 149, 5710, 1640),
(1112, 149, 4309, 1862),
(1113, 149, 6170, 2006),
(1114, 149, 5777, 1757),
(1115, 149, 9130, 1570),
(1116, 149, 5144, 1578),
(1117, 149, 2659, 1859),
(1118, 149, 8608, 1966),
(1119, 149, 1124, 2096),
(1120, 150, 1794, 1611),
(1121, 150, 1982, 1891),
(1122, 150, 2688, 1592),
(1123, 150, 5021, 1633),
(1124, 150, 5618, 1980),
(1125, 150, 3614, 2030),
(1126, 150, 8260, 2108),
(1127, 150, 4243, 1647),
(1128, 150, 6976, 1765),
(1129, 150, 5943, 1829),
(1130, 152, 251, 1596),
(1131, 152, 6896, 1832),
(1132, 152, 5775, 1825),
(1133, 152, 7406, 2081),
(1134, 152, 6138, 1654),
(1135, 152, 8835, 1976),
(1136, 152, 6582, 1900),
(1137, 152, 9294, 2078),
(1138, 152, 5693, 1729),
(1139, 152, 2973, 1918),
(1140, 153, 6997, 1946),
(1141, 153, 2204, 1739),
(1142, 153, 5910, 2064),
(1143, 153, 6603, 2117),
(1144, 153, 441, 1907),
(1145, 153, 8025, 1536),
(1146, 153, 9303, 1734),
(1147, 153, 1230, 1670),
(1148, 153, 4827, 2030),
(1149, 153, 3029, 1788),
(1150, 154, 7646, 1964),
(1151, 154, 7460, 1529),
(1152, 154, 1128, 1534),
(1153, 154, 1986, 2069),
(1154, 154, 5703, 1871),
(1155, 154, 3910, 1969),
(1156, 154, 2355, 1817),
(1157, 154, 138, 1589),
(1158, 154, 7098, 1593),
(1159, 154, 2114, 2079),
(1160, 156, 1627, 2052),
(1161, 156, 384, 1997),
(1162, 156, 3524, 1672),
(1163, 156, 7368, 1692),
(1164, 156, 3709, 1699),
(1165, 156, 7843, 1946),
(1166, 156, 3722, 1595),
(1167, 156, 1772, 2105),
(1168, 156, 773, 2023),
(1169, 156, 800, 1756),
(1170, 157, 7701, 2074),
(1171, 157, 7622, 1711),
(1172, 157, 6492, 1828),
(1173, 157, 2081, 1695),
(1174, 157, 1782, 1868),
(1175, 157, 2222, 2181),
(1176, 157, 9897, 2000),
(1177, 157, 1140, 2094),
(1178, 157, 2678, 2022),
(1179, 157, 498, 1945),
(1180, 158, 9151, 1715),
(1181, 158, 9615, 1722),
(1182, 158, 4829, 1779),
(1183, 158, 1437, 1586),
(1184, 158, 5502, 1976),
(1185, 158, 6293, 1736),
(1186, 158, 1763, 2160),
(1187, 158, 9871, 1584),
(1188, 158, 4621, 1608),
(1189, 158, 8704, 1556),
(1190, 159, 416, 1652),
(1191, 159, 349, 1591),
(1192, 159, 8399, 2138),
(1193, 159, 8191, 1607),
(1194, 159, 7188, 1532),
(1195, 159, 3157, 1692),
(1196, 159, 4750, 1794),
(1197, 159, 2982, 1842),
(1198, 159, 2713, 1880),
(1199, 159, 1603, 1636),
(1200, 160, 2094, 1934),
(1201, 160, 6333, 1953),
(1202, 160, 1273, 1703),
(1203, 160, 6061, 1949),
(1204, 160, 5485, 1724),
(1205, 160, 5559, 1820),
(1206, 160, 2627, 1999),
(1207, 160, 7679, 1766),
(1208, 160, 1709, 1766),
(1209, 160, 5311, 1753),
(1210, 161, 2015, 2150),
(1211, 161, 9002, 1769),
(1212, 161, 158, 1833),
(1213, 161, 8153, 1713),
(1214, 161, 8569, 1754),
(1215, 161, 5244, 1825),
(1216, 161, 8882, 1663),
(1217, 161, 7534, 1611),
(1218, 161, 1112, 1677),
(1219, 161, 1100, 1644),
(1220, 162, 6570, 1869),
(1221, 162, 6005, 2027),
(1222, 162, 582, 1673),
(1223, 162, 9641, 1883),
(1224, 162, 1263, 2177),
(1225, 162, 3022, 1663),
(1226, 162, 3416, 2206),
(1227, 162, 9248, 1927),
(1228, 162, 5375, 2189),
(1229, 162, 7196, 2101),
(1230, 165, 796, 1895),
(1231, 165, 9648, 2140),
(1232, 165, 8854, 1612),
(1233, 165, 9128, 1820),
(1234, 165, 3324, 2078),
(1235, 165, 4369, 1775),
(1236, 165, 8627, 2092),
(1237, 165, 8226, 1673),
(1238, 165, 7501, 1994),
(1239, 165, 5643, 1531),
(1240, 167, 50, 1536),
(1241, 167, 4494, 1590),
(1242, 167, 2637, 2201),
(1243, 167, 5493, 1584),
(1244, 167, 1601, 2113),
(1245, 167, 594, 1545),
(1246, 167, 697, 1554),
(1247, 167, 7204, 2068),
(1248, 167, 4787, 1868),
(1249, 167, 2572, 2190),
(1250, 170, 3519, 1733),
(1251, 170, 8925, 1581),
(1252, 170, 4786, 2008),
(1253, 170, 2902, 1642),
(1254, 170, 210, 1555),
(1255, 170, 9232, 2271),
(1256, 170, 7627, 2124),
(1257, 170, 2731, 1585),
(1258, 170, 291, 2023),
(1259, 170, 9070, 2283),
(1260, 174, 7767, 1819),
(1261, 174, 8574, 1752),
(1262, 174, 7749, 1527),
(1263, 174, 2500, 1727),
(1264, 174, 8184, 2297),
(1265, 174, 5641, 1635),
(1266, 174, 5556, 1987),
(1267, 174, 6070, 2248),
(1268, 174, 1161, 1621),
(1269, 174, 269, 2166),
(1270, 175, 2008, 2029),
(1271, 175, 3249, 1783),
(1272, 175, 5393, 2206),
(1273, 175, 1064, 2155),
(1274, 175, 9736, 2308),
(1275, 175, 2436, 1657),
(1276, 175, 3964, 1862),
(1277, 175, 3649, 1552),
(1278, 175, 4254, 1841),
(1279, 175, 5509, 1865),
(1280, 176, 6098, 2245),
(1281, 176, 1367, 2065),
(1282, 176, 8007, 2062),
(1283, 176, 4363, 1883),
(1284, 176, 711, 1903),
(1285, 176, 4643, 1540),
(1286, 176, 4593, 1983),
(1287, 176, 7778, 2192),
(1288, 176, 104, 2313),
(1289, 176, 2531, 1934),
(1290, 177, 3281, 2302),
(1291, 177, 4388, 2051),
(1292, 177, 3813, 1645),
(1293, 177, 4244, 2330),
(1294, 177, 8402, 1707),
(1295, 177, 9801, 1660),
(1296, 177, 7623, 1957),
(1297, 177, 4095, 1747),
(1298, 177, 7037, 2354),
(1299, 177, 3088, 2388),
(1300, 179, 4532, 1545),
(1301, 179, 5911, 2171),
(1302, 179, 9495, 1974),
(1303, 179, 2039, 2349),
(1304, 179, 5213, 1712),
(1305, 179, 6761, 1822),
(1306, 179, 9788, 2220),
(1307, 179, 183, 1536),
(1308, 179, 3063, 1935),
(1309, 179, 5662, 2394),
(1310, 180, 535, 1994),
(1311, 180, 1243, 2014),
(1312, 180, 5134, 1741),
(1313, 180, 9187, 2317),
(1314, 180, 9375, 1722),
(1315, 180, 9632, 1620),
(1316, 180, 7265, 2034),
(1317, 180, 2122, 1660),
(1318, 180, 2632, 2235),
(1319, 180, 4414, 1697),
(1320, 183, 8122, 1766),
(1321, 183, 4934, 2070),
(1322, 183, 5635, 2151),
(1323, 183, 1060, 2135),
(1324, 183, 3488, 1845),
(1325, 183, 8972, 1994),
(1326, 183, 6713, 2205),
(1327, 183, 5642, 1542),
(1328, 183, 6287, 1637),
(1329, 183, 7522, 2145),
(1330, 184, 8460, 2255),
(1331, 184, 7415, 1902),
(1332, 184, 6642, 1954),
(1333, 184, 2248, 2153),
(1334, 184, 9892, 1746),
(1335, 184, 4415, 2256),
(1336, 184, 6740, 2069),
(1337, 184, 1270, 2019),
(1338, 184, 7324, 1996),
(1339, 184, 6671, 1952),
(1340, 185, 1793, 1685),
(1341, 185, 87, 1804),
(1342, 185, 6503, 1722),
(1343, 185, 3963, 2005),
(1344, 185, 7516, 1613),
(1345, 185, 5351, 1711),
(1346, 185, 4335, 1930),
(1347, 185, 3174, 2200),
(1348, 185, 9548, 1707),
(1349, 185, 8014, 1562),
(1350, 186, 9259, 1648),
(1351, 186, 1349, 2155),
(1352, 186, 7656, 2056),
(1353, 186, 9453, 2087),
(1354, 186, 7643, 2261),
(1355, 186, 2930, 1829),
(1356, 186, 6863, 1620),
(1357, 186, 9088, 1995),
(1358, 186, 2625, 2061),
(1359, 186, 303, 2338),
(1360, 187, 4970, 1931),
(1361, 187, 6675, 2426),
(1362, 187, 2970, 1824),
(1363, 187, 2158, 1762),
(1364, 187, 5997, 2240),
(1365, 187, 7798, 2466),
(1366, 187, 7118, 2006),
(1367, 187, 3592, 2508),
(1368, 187, 9724, 2011),
(1369, 187, 7055, 1741),
(1370, 188, 5729, 1551),
(1371, 188, 6215, 1964),
(1372, 188, 5653, 2104),
(1373, 188, 2582, 1619),
(1374, 188, 6488, 1760),
(1375, 188, 8441, 2070),
(1376, 188, 2518, 2090),
(1377, 188, 7249, 1577),
(1378, 188, 8026, 1697),
(1379, 188, 4200, 1730),
(1380, 189, 3954, 2504),
(1381, 189, 6873, 2048),
(1382, 189, 2701, 1823),
(1383, 189, 4669, 1696),
(1384, 189, 8239, 1657),
(1385, 189, 9708, 2429),
(1386, 189, 5426, 1907),
(1387, 189, 1936, 2434),
(1388, 189, 7506, 2281),
(1389, 189, 4174, 2227),
(1390, 191, 951, 2443),
(1391, 191, 5647, 1738),
(1392, 191, 8204, 2197),
(1393, 191, 9272, 2082),
(1394, 191, 2692, 2167),
(1395, 191, 5794, 1814),
(1396, 191, 9687, 2118),
(1397, 191, 8162, 1682),
(1398, 191, 6327, 2286),
(1399, 191, 7169, 1560),
(1400, 192, 9288, 2272),
(1401, 192, 395, 1634),
(1402, 192, 3581, 1596),
(1403, 192, 3434, 2086),
(1404, 192, 9814, 2495),
(1405, 192, 6240, 2072),
(1406, 192, 3540, 1622),
(1407, 192, 3172, 1700),
(1408, 192, 537, 1716),
(1409, 192, 5569, 1794),
(1410, 193, 7163, 1549),
(1411, 193, 2764, 1580),
(1412, 193, 1274, 2513),
(1413, 193, 8875, 1571),
(1414, 193, 3890, 1976),
(1415, 193, 9174, 2119),
(1416, 193, 4205, 2434),
(1417, 193, 2579, 1972),
(1418, 193, 1360, 2003),
(1419, 193, 6045, 2492),
(1420, 195, 3338, 2322),
(1421, 195, 6865, 1932),
(1422, 195, 4968, 1985),
(1423, 195, 128, 2410),
(1424, 195, 7197, 1655),
(1425, 195, 1716, 2406),
(1426, 195, 6278, 2267),
(1427, 195, 603, 2451),
(1428, 195, 9136, 1591),
(1429, 195, 7363, 2077),
(1430, 196, 1965, 1879),
(1431, 196, 4694, 2064),
(1432, 196, 6740, 1812),
(1433, 196, 3047, 2474),
(1434, 196, 4743, 1598),
(1435, 196, 3455, 2089),
(1436, 196, 2825, 1762),
(1437, 196, 2919, 1810),
(1438, 196, 4483, 1575),
(1439, 196, 3888, 2126),
(1440, 197, 8276, 2491),
(1441, 197, 4937, 1609),
(1442, 197, 2553, 2124),
(1443, 197, 1495, 2373),
(1444, 197, 6707, 1593),
(1445, 197, 4121, 2480),
(1446, 197, 5394, 2465),
(1447, 197, 4948, 1554),
(1448, 197, 2713, 2613),
(1449, 197, 6667, 2218),
(1450, 203, 9757, 2341),
(1451, 203, 1014, 2493),
(1452, 203, 2548, 2064),
(1453, 203, 8572, 2281),
(1454, 203, 3411, 1747),
(1455, 203, 9700, 1732),
(1456, 203, 4749, 2575),
(1457, 203, 4300, 2005),
(1458, 203, 7919, 2502),
(1459, 203, 6898, 1585),
(1460, 204, 5422, 1522),
(1461, 204, 8738, 1854),
(1462, 204, 4259, 1833),
(1463, 204, 9682, 1899),
(1464, 204, 5765, 2264),
(1465, 204, 100, 2612),
(1466, 204, 5612, 1564),
(1467, 204, 3876, 2501),
(1468, 204, 4202, 2140),
(1469, 204, 2415, 1892),
(1470, 205, 5431, 2342),
(1471, 205, 5814, 2576),
(1472, 205, 7332, 2464),
(1473, 205, 9707, 2384),
(1474, 205, 2595, 2588),
(1475, 205, 8491, 2159),
(1476, 205, 4609, 1641),
(1477, 205, 3692, 2007),
(1478, 205, 7967, 1728),
(1479, 205, 6526, 2485),
(1480, 207, 4796, 1772),
(1481, 207, 688, 1835),
(1482, 207, 8000, 1546),
(1483, 207, 7811, 1970),
(1484, 207, 5211, 1963),
(1485, 207, 3165, 2645),
(1486, 207, 6930, 2076),
(1487, 207, 8488, 1936),
(1488, 207, 5717, 2292),
(1489, 207, 8188, 2001),
(1490, 209, 8941, 1615),
(1491, 209, 4541, 2342),
(1492, 209, 2769, 2513),
(1493, 209, 5512, 2555),
(1494, 209, 4732, 1547),
(1495, 209, 5333, 2529),
(1496, 209, 4519, 1591),
(1497, 209, 9013, 1826),
(1498, 209, 2548, 1566),
(1499, 209, 4143, 2221),
(1500, 213, 7839, 2381),
(1501, 213, 7128, 2219),
(1502, 213, 6721, 1699),
(1503, 213, 838, 1725),
(1504, 213, 9018, 2169),
(1505, 213, 5911, 1589),
(1506, 213, 5042, 2115),
(1507, 213, 3982, 1711),
(1508, 213, 4328, 2340),
(1509, 213, 9657, 2040),
(1510, 214, 1582, 2055),
(1511, 214, 8123, 2412),
(1512, 214, 7013, 1976),
(1513, 214, 9421, 2126),
(1514, 214, 3525, 1849),
(1515, 214, 9753, 2405),
(1516, 214, 5164, 2618),
(1517, 214, 7617, 1804),
(1518, 214, 4015, 2136),
(1519, 214, 1563, 2240),
(1520, 216, 3282, 1879),
(1521, 216, 1552, 1538),
(1522, 216, 6691, 2597),
(1523, 216, 1752, 2432),
(1524, 216, 8596, 2005),
(1525, 216, 2789, 2675),
(1526, 216, 2995, 2659),
(1527, 216, 9034, 1742),
(1528, 216, 529, 2163),
(1529, 216, 269, 1572),
(1530, 218, 7547, 1985),
(1531, 218, 5607, 2441),
(1532, 218, 8492, 2576),
(1533, 218, 427, 2781),
(1534, 218, 4866, 2138),
(1535, 218, 9896, 1768),
(1536, 218, 1188, 1934),
(1537, 218, 7773, 2114),
(1538, 218, 1843, 2614),
(1539, 218, 7451, 2156),
(1540, 221, 9, 2062),
(1541, 221, 7556, 2133),
(1542, 221, 7573, 2050),
(1543, 221, 8736, 1651),
(1544, 221, 7935, 2150),
(1545, 221, 4089, 2003),
(1546, 221, 8596, 2781),
(1547, 221, 7142, 2485),
(1548, 221, 8180, 1656),
(1549, 221, 3670, 2270),
(1550, 222, 5618, 2585),
(1551, 222, 6952, 1617),
(1552, 222, 7229, 2127),
(1553, 222, 1780, 1743),
(1554, 222, 5639, 1608),
(1555, 222, 5832, 1968),
(1556, 222, 5750, 2430),
(1557, 222, 9131, 2392),
(1558, 222, 5023, 2770),
(1559, 222, 6032, 1768);

--
-- Indexuri pentru tabele eliminate
--

--
-- Indexuri pentru tabele `albums`
--
ALTER TABLE `albums`
  ADD PRIMARY KEY (`id`),
  ADD KEY `artist_id` (`artist_id`);

--
-- Indexuri pentru tabele `artists`
--
ALTER TABLE `artists`
  ADD PRIMARY KEY (`id`);

--
-- Indexuri pentru tabele `charts`
--
ALTER TABLE `charts`
  ADD PRIMARY KEY (`id`),
  ADD UNIQUE KEY `title` (`title`);

--
-- Indexuri pentru tabele `chart_record`
--
ALTER TABLE `chart_record`
  ADD PRIMARY KEY (`id`);

--
-- AUTO_INCREMENT pentru tabele eliminate
--

--
-- AUTO_INCREMENT pentru tabele `albums`
--
ALTER TABLE `albums`
  MODIFY `id` int(11) NOT NULL AUTO_INCREMENT, AUTO_INCREMENT=2819;

--
-- AUTO_INCREMENT pentru tabele `artists`
--
ALTER TABLE `artists`
  MODIFY `id` int(11) NOT NULL AUTO_INCREMENT, AUTO_INCREMENT=1925;

--
-- AUTO_INCREMENT pentru tabele `charts`
--
ALTER TABLE `charts`
  MODIFY `id` int(11) NOT NULL AUTO_INCREMENT, AUTO_INCREMENT=227;

--
-- AUTO_INCREMENT pentru tabele `chart_record`
--
ALTER TABLE `chart_record`
  MODIFY `id` int(11) NOT NULL AUTO_INCREMENT, AUTO_INCREMENT=1560;

--
-- Constrângeri pentru tabele eliminate
--

--
-- Constrângeri pentru tabele `albums`
--
ALTER TABLE `albums`
  ADD CONSTRAINT `albums_ibfk_1` FOREIGN KEY (`artist_id`) REFERENCES `artists` (`id`);
COMMIT;

/*!40101 SET CHARACTER_SET_CLIENT=@OLD_CHARACTER_SET_CLIENT */;
/*!40101 SET CHARACTER_SET_RESULTS=@OLD_CHARACTER_SET_RESULTS */;
/*!40101 SET COLLATION_CONNECTION=@OLD_COLLATION_CONNECTION */;
